id_vehiculo,id_poliza,placa,chasis,motor,marca,modelo,anio
VEH00001,POL00001,EC5286,CHS2793011011,MTR871654342,Mazda,SUV,2023
VEH00002,POL00002,EC6119,CHS1426445667,MTR120956546,Kia,Sedan,2025
VEH00003,POL00003,EC7640,CHS5637437114,MTR871452124,Hyundai,SUV,2015
VEH00004,POL00004,EC6832,CHS3173964917,MTR292751289,Chevrolet,Pickup,2019
VEH00005,POL00005,EC3019,CHS7159847527,MTR717803606,Chevrolet,Van,2015
VEH00006,POL00006,EC3176,CHS5266728757,MTR368387873,Mazda,Pickup,2016
VEH00007,POL00007,EC2778,CHS9969933522,MTR871149909,Kia,Pickup,2024
VEH00008,POL00008,EC6907,CHS6786010295,MTR814077266,Mazda,Sedan,2016
VEH00009,POL00009,EC1136,CHS9116709765,MTR277581472,Mazda,Pickup,2020
VEH00010,POL00010,EC9733,CHS2258299238,MTR279979803,Nissan,SUV,2014
VEH00011,POL00011,EC9968,CHS5071622635,MTR190175608,Mazda,Sedan,2014
VEH00012,POL00012,EC9105,CHS1199996269,MTR819527617,Hyundai,SUV,2014
VEH00013,POL00013,EC4783,CHS2429665068,MTR478110313,Nissan,Hatchback,2025
VEH00014,POL00014,EC4759,CHS2865005559,MTR421020758,Mazda,Van,2014
VEH00015,POL00015,EC2691,CHS4006787353,MTR626546437,Kia,Hatchback,2021
VEH00016,POL00016,EC4177,CHS6828199825,MTR143329769,Chevrolet,Sedan,2015
VEH00017,POL00017,EC1650,CHS5164058360,MTR734102971,Nissan,Van,2014
VEH00018,POL00018,EC6087,CHS6193261754,MTR890429320,Kia,SUV,2017
VEH00019,POL00019,EC5872,CHS3949680260,MTR679835265,Chevrolet,Pickup,2016
VEH00020,POL00020,EC3099,CHS2038160553,MTR139369135,Mazda,Van,2020
VEH00021,POL00021,EC6549,CHS6519958990,MTR613934799,Nissan,Sedan,2025
VEH00022,POL00022,EC8089,CHS3421692349,MTR722893106,Kia,Sedan,2014
VEH00023,POL00023,EC2779,CHS3244945049,MTR747620406,Mazda,Pickup,2014
VEH00024,POL00024,EC5753,CHS5005248992,MTR368368931,Chevrolet,SUV,2023
VEH00025,POL00025,EC5376,CHS4283528340,MTR535710778,Mazda,Pickup,2017
VEH00026,POL00026,EC9949,CHS3986189281,MTR997346416,Kia,SUV,2021
VEH00027,POL00027,EC9122,CHS6560118112,MTR821978848,Hyundai,Van,2021
VEH00028,POL00028,EC6192,CHS4359127091,MTR660953547,Kia,Pickup,2014
VEH00029,POL00029,EC3434,CHS7148332448,MTR342340053,Nissan,Hatchback,2019
VEH00030,POL00030,EC6475,CHS4223647739,MTR143036147,Hyundai,Hatchback,2018
VEH00031,POL00031,EC3601,CHS5763505245,MTR695700315,Toyota,Van,2023
VEH00032,POL00032,EC6867,CHS5293323028,MTR180833053,Kia,Pickup,2023
VEH00033,POL00033,EC1973,CHS3131724899,MTR760771486,Mazda,SUV,2018
VEH00034,POL00034,EC9737,CHS6331742128,MTR194536561,Nissan,SUV,2018
VEH00035,POL00035,EC3304,CHS4787904136,MTR594490311,Kia,SUV,2020
VEH00036,POL00036,EC9258,CHS6361226510,MTR111048331,Chevrolet,Van,2018
VEH00037,POL00037,EC4777,CHS5215879211,MTR921711232,Nissan,Hatchback,2022
VEH00038,POL00038,EC1206,CHS6260347818,MTR955820836,Hyundai,SUV,2025
VEH00039,POL00039,EC9458,CHS7221254241,MTR176807304,Hyundai,Sedan,2015
VEH00040,POL00040,EC6311,CHS1460238189,MTR558801573,Mazda,SUV,2022
VEH00041,POL00041,EC5861,CHS6350921555,MTR323775396,Kia,SUV,2021
VEH00042,POL00042,EC6979,CHS6061846103,MTR156508240,Toyota,Hatchback,2023
VEH00043,POL00043,EC4354,CHS7029053440,MTR931463589,Hyundai,Hatchback,2018
VEH00044,POL00044,EC4312,CHS9528646321,MTR970085111,Chevrolet,Pickup,2022
VEH00045,POL00045,EC1478,CHS2534729942,MTR233221349,Kia,Sedan,2024
VEH00046,POL00046,EC4523,CHS7766460700,MTR161130047,Kia,Hatchback,2023
VEH00047,POL00047,EC2324,CHS6621464935,MTR793176801,Hyundai,Hatchback,2024
VEH00048,POL00048,EC5213,CHS2353853997,MTR253893730,Hyundai,SUV,2019
VEH00049,POL00049,EC2075,CHS4868527550,MTR401935708,Toyota,SUV,2016
VEH00050,POL00050,EC8673,CHS2443827147,MTR353430000,Kia,SUV,2023
VEH00051,POL00051,EC5916,CHS3960893550,MTR108395459,Toyota,Hatchback,2023
VEH00052,POL00052,EC3690,CHS2810395155,MTR965042202,Chevrolet,SUV,2021
VEH00053,POL00053,EC7195,CHS5385741474,MTR436396448,Kia,Van,2016
VEH00054,POL00054,EC7417,CHS5164334154,MTR746257963,Mazda,Hatchback,2025
VEH00055,POL00055,EC3613,CHS6467476284,MTR536769615,Kia,Hatchback,2015
VEH00056,POL00056,EC6619,CHS7042396898,MTR804495136,Hyundai,SUV,2018
VEH00057,POL00057,EC2808,CHS3554103237,MTR679031169,Toyota,Pickup,2022
VEH00058,POL00058,EC7517,CHS2314151739,MTR133907572,Toyota,Hatchback,2025
VEH00059,POL00059,EC3742,CHS5770803206,MTR540425941,Hyundai,Van,2016
VEH00060,POL00060,EC8271,CHS7644443175,MTR720550424,Toyota,Pickup,2017
VEH00061,POL00061,EC7256,CHS6753645722,MTR544517815,Chevrolet,SUV,2015
VEH00062,POL00062,EC5248,CHS2998659425,MTR860965543,Nissan,Hatchback,2022
VEH00063,POL00063,EC4342,CHS5231420341,MTR828571020,Kia,Van,2023
VEH00064,POL00064,EC4947,CHS7784974834,MTR220789899,Chevrolet,SUV,2023
VEH00065,POL00065,EC1245,CHS5771451720,MTR753275569,Chevrolet,Van,2014
VEH00066,POL00066,EC6534,CHS5226984555,MTR931513377,Hyundai,Sedan,2017
VEH00067,POL00067,EC1392,CHS4514131599,MTR110984558,Chevrolet,Pickup,2015
VEH00068,POL00068,EC9761,CHS1870203846,MTR154182349,Kia,SUV,2022
VEH00069,POL00069,EC2838,CHS2805223026,MTR554880081,Chevrolet,Van,2020
VEH00070,POL00070,EC3872,CHS1232521792,MTR730250505,Mazda,Hatchback,2019
VEH00071,POL00071,EC8170,CHS9162071026,MTR486169288,Kia,Van,2024
VEH00072,POL00072,EC9663,CHS7552035468,MTR334407218,Kia,Van,2020
VEH00073,POL00073,EC5498,CHS3598632886,MTR864752354,Chevrolet,SUV,2020
VEH00074,POL00074,EC7657,CHS5398137150,MTR696935564,Hyundai,Hatchback,2022
VEH00075,POL00075,EC4792,CHS2035721983,MTR307822645,Chevrolet,Pickup,2019
VEH00076,POL00076,EC9316,CHS7758983165,MTR508720213,Kia,Hatchback,2025
VEH00077,POL00077,EC6808,CHS4451483991,MTR137670657,Nissan,SUV,2015
VEH00078,POL00078,EC2774,CHS3991062465,MTR376527871,Nissan,SUV,2023
VEH00079,POL00079,EC8019,CHS2951789984,MTR390847278,Chevrolet,Pickup,2014
VEH00080,POL00080,EC9061,CHS2096123046,MTR469304237,Hyundai,Hatchback,2014
VEH00081,POL00081,EC1132,CHS9220528682,MTR901408067,Chevrolet,Hatchback,2016
VEH00082,POL00082,EC5805,CHS2723490407,MTR862969309,Mazda,Van,2021
VEH00083,POL00083,EC6014,CHS6760813660,MTR459907437,Hyundai,Van,2020
VEH00084,POL00084,EC6815,CHS2165425311,MTR651418314,Chevrolet,Hatchback,2021
VEH00085,POL00085,EC3045,CHS5108191973,MTR836493700,Nissan,Van,2023
VEH00086,POL00086,EC9678,CHS2194616707,MTR581177573,Hyundai,SUV,2018
VEH00087,POL00087,EC5967,CHS3933193318,MTR370763090,Nissan,Van,2014
VEH00088,POL00088,EC7968,CHS8245230431,MTR765674441,Chevrolet,Van,2024
VEH00089,POL00089,EC6079,CHS2818761674,MTR292084124,Toyota,SUV,2014
VEH00090,POL00090,EC3602,CHS5478977493,MTR298784977,Chevrolet,Hatchback,2020
VEH00091,POL00091,EC3512,CHS7946926318,MTR358431135,Nissan,Pickup,2024
VEH00092,POL00092,EC7830,CHS3117288132,MTR773972861,Hyundai,Hatchback,2016
VEH00093,POL00093,EC7219,CHS6555559911,MTR121202714,Toyota,Hatchback,2021
VEH00094,POL00094,EC6577,CHS3378077278,MTR290617965,Chevrolet,Pickup,2024
VEH00095,POL00095,EC8685,CHS9934434361,MTR731441256,Hyundai,Sedan,2017
VEH00096,POL00096,EC4017,CHS3292380175,MTR974053974,Mazda,Hatchback,2025
VEH00097,POL00097,EC2581,CHS7601156413,MTR431771871,Chevrolet,Pickup,2023
VEH00098,POL00098,EC3715,CHS6825571509,MTR879429114,Nissan,Sedan,2022
VEH00099,POL00099,EC3984,CHS3227033386,MTR936585757,Toyota,Sedan,2021
VEH00100,POL00100,EC4208,CHS1493502919,MTR508394759,Mazda,SUV,2017
VEH00101,POL00101,EC4986,CHS7351669360,MTR542392837,Chevrolet,Hatchback,2016
VEH00102,POL00102,EC7298,CHS5453849903,MTR364916636,Mazda,Sedan,2021
VEH00103,POL00103,EC3706,CHS2234581126,MTR320297198,Kia,Hatchback,2024
VEH00104,POL00104,EC4973,CHS3563584657,MTR432751642,Mazda,Pickup,2014
VEH00105,POL00105,EC2744,CHS2333097707,MTR889197901,Nissan,Sedan,2024
VEH00106,POL00106,EC8926,CHS8971030481,MTR263422410,Chevrolet,Pickup,2018
VEH00107,POL00107,EC1866,CHS1187759376,MTR771804816,Chevrolet,Van,2014
VEH00108,POL00108,EC1584,CHS5080746188,MTR773567880,Kia,Sedan,2014
VEH00109,POL00109,EC3653,CHS1832849863,MTR908040776,Nissan,Pickup,2015
VEH00110,POL00110,EC5951,CHS4560606453,MTR862435151,Nissan,Sedan,2016
VEH00111,POL00111,EC1309,CHS5475130550,MTR381062259,Nissan,Pickup,2017
VEH00112,POL00112,EC3414,CHS9839546459,MTR351197628,Chevrolet,Sedan,2019
VEH00113,POL00113,EC3967,CHS4043820142,MTR854225374,Mazda,Van,2016
VEH00114,POL00114,EC4435,CHS1355743328,MTR625305685,Chevrolet,SUV,2020
VEH00115,POL00115,EC4313,CHS1484138943,MTR442842500,Kia,Pickup,2023
VEH00116,POL00116,EC4208,CHS1281409361,MTR650868171,Mazda,Sedan,2021
VEH00117,POL00117,EC4961,CHS3272150686,MTR919980020,Mazda,Pickup,2020
VEH00118,POL00118,EC4393,CHS6959616868,MTR506062818,Nissan,SUV,2020
VEH00119,POL00119,EC6287,CHS9965533733,MTR396582568,Nissan,Pickup,2024
VEH00120,POL00120,EC3660,CHS3211080022,MTR180060578,Chevrolet,SUV,2022
VEH00121,POL00121,EC4724,CHS2690242126,MTR867608050,Nissan,Van,2015
VEH00122,POL00122,EC6980,CHS1161958588,MTR377849727,Hyundai,Sedan,2015
VEH00123,POL00123,EC9281,CHS1407232182,MTR786359559,Mazda,Van,2020
VEH00124,POL00124,EC6949,CHS6807227076,MTR873249264,Kia,SUV,2025
VEH00125,POL00125,EC4457,CHS6595592935,MTR878344343,Hyundai,Sedan,2019
VEH00126,POL00126,EC3293,CHS5643045219,MTR398516751,Chevrolet,Hatchback,2021
VEH00127,POL00127,EC2238,CHS2611509859,MTR736327010,Kia,Hatchback,2022
VEH00128,POL00128,EC2580,CHS6882368717,MTR335944126,Hyundai,Sedan,2018
VEH00129,POL00129,EC8279,CHS1519948876,MTR113944679,Nissan,Pickup,2025
VEH00130,POL00130,EC6973,CHS4318618525,MTR354386896,Toyota,SUV,2023
VEH00131,POL00131,EC3919,CHS8301543897,MTR298483141,Mazda,SUV,2021
VEH00132,POL00132,EC1605,CHS8940884969,MTR997764228,Nissan,SUV,2021
VEH00133,POL00133,EC5642,CHS6512000084,MTR320314469,Chevrolet,Van,2023
VEH00134,POL00134,EC4781,CHS9406068807,MTR747470533,Kia,Pickup,2023
VEH00135,POL00135,EC2235,CHS7150379711,MTR708905419,Chevrolet,SUV,2023
VEH00136,POL00136,EC2456,CHS2063305648,MTR881945417,Nissan,Hatchback,2021
VEH00137,POL00137,EC1942,CHS3142948242,MTR380980795,Nissan,Pickup,2024
VEH00138,POL00138,EC5766,CHS7764900641,MTR470450374,Toyota,SUV,2016
VEH00139,POL00139,EC4913,CHS9395354953,MTR848691290,Chevrolet,Van,2016
VEH00140,POL00140,EC9296,CHS8695255204,MTR577189711,Nissan,SUV,2015
VEH00141,POL00141,EC8224,CHS8880872925,MTR512276631,Hyundai,Pickup,2021
VEH00142,POL00142,EC6828,CHS8734806587,MTR818747183,Kia,Van,2020
VEH00143,POL00143,EC2866,CHS7632300146,MTR319264351,Chevrolet,Sedan,2019
VEH00144,POL00144,EC5930,CHS4923148939,MTR573029904,Nissan,SUV,2025
VEH00145,POL00145,EC9176,CHS5256846610,MTR814623299,Chevrolet,Pickup,2022
VEH00146,POL00146,EC3103,CHS7363335396,MTR760475169,Hyundai,Sedan,2024
VEH00147,POL00147,EC3445,CHS6678946023,MTR598604117,Chevrolet,Van,2015
VEH00148,POL00148,EC2931,CHS2382499291,MTR147528794,Toyota,Hatchback,2016
VEH00149,POL00149,EC7504,CHS6073111656,MTR836779776,Kia,Hatchback,2017
VEH00150,POL00150,EC8382,CHS4493455190,MTR514461582,Chevrolet,Sedan,2023
VEH00151,POL00151,EC8543,CHS5299820622,MTR914292019,Kia,Pickup,2019
VEH00152,POL00152,EC3308,CHS1137846373,MTR828117971,Hyundai,Pickup,2018
VEH00153,POL00153,EC1418,CHS1157618535,MTR150458973,Hyundai,Pickup,2025
VEH00154,POL00154,EC7606,CHS4485948215,MTR684755125,Mazda,Pickup,2014
VEH00155,POL00155,EC8290,CHS4445767882,MTR494746390,Hyundai,Hatchback,2020
VEH00156,POL00156,EC1082,CHS9204610945,MTR204862178,Nissan,Pickup,2016
VEH00157,POL00157,EC3681,CHS1765815141,MTR681907812,Hyundai,SUV,2021
VEH00158,POL00158,EC3880,CHS2406499662,MTR899703231,Toyota,Pickup,2021
VEH00159,POL00159,EC4247,CHS8745527113,MTR731397770,Nissan,Van,2025
VEH00160,POL00160,EC7467,CHS9817567667,MTR748161279,Nissan,SUV,2014
VEH00161,POL00161,EC6013,CHS6874519185,MTR445211984,Toyota,Hatchback,2022
VEH00162,POL00162,EC1192,CHS1849850464,MTR913844691,Mazda,Sedan,2015
VEH00163,POL00163,EC5938,CHS5286169782,MTR175249368,Mazda,Hatchback,2025
VEH00164,POL00164,EC2437,CHS4733470255,MTR305914452,Hyundai,Hatchback,2020
VEH00165,POL00165,EC7708,CHS9759560403,MTR467462493,Mazda,Hatchback,2025
VEH00166,POL00166,EC1947,CHS3608233222,MTR713455759,Chevrolet,Van,2021
VEH00167,POL00167,EC5366,CHS7445540400,MTR914360522,Chevrolet,Sedan,2017
VEH00168,POL00168,EC6930,CHS2183836786,MTR372618100,Toyota,Sedan,2018
VEH00169,POL00169,EC5475,CHS1546299031,MTR972793500,Hyundai,SUV,2016
VEH00170,POL00170,EC7366,CHS2243614279,MTR527056486,Toyota,Sedan,2022
VEH00171,POL00171,EC4461,CHS9514954742,MTR486719268,Chevrolet,Sedan,2025
VEH00172,POL00172,EC1453,CHS6758817095,MTR333079136,Toyota,Pickup,2023
VEH00173,POL00173,EC3908,CHS1325356922,MTR349895984,Toyota,Pickup,2015
VEH00174,POL00174,EC3619,CHS3374818660,MTR730653980,Kia,Sedan,2024
VEH00175,POL00175,EC1709,CHS4011249682,MTR293872034,Mazda,Van,2016
VEH00176,POL00176,EC9135,CHS5773901607,MTR145463832,Mazda,Sedan,2014
VEH00177,POL00177,EC9500,CHS3952084766,MTR731732086,Mazda,SUV,2019
VEH00178,POL00178,EC9707,CHS5026736207,MTR802520065,Hyundai,Pickup,2024
VEH00179,POL00179,EC8342,CHS8194228717,MTR994929985,Toyota,SUV,2023
VEH00180,POL00180,EC8173,CHS5221860849,MTR891129368,Hyundai,Sedan,2015
VEH00181,POL00181,EC3774,CHS5060505520,MTR488211000,Chevrolet,Sedan,2018
VEH00182,POL00182,EC8540,CHS8158587068,MTR419513828,Mazda,SUV,2017
VEH00183,POL00183,EC7515,CHS3982035283,MTR200456556,Chevrolet,Pickup,2017
VEH00184,POL00184,EC2320,CHS2085696461,MTR997220020,Kia,Van,2018
VEH00185,POL00185,EC2860,CHS3950173433,MTR637049807,Toyota,SUV,2019
VEH00186,POL00186,EC1304,CHS7267681293,MTR229237911,Kia,Pickup,2023
VEH00187,POL00187,EC9667,CHS8019123305,MTR225337705,Chevrolet,Pickup,2015
VEH00188,POL00188,EC9285,CHS3725591761,MTR336968625,Toyota,Pickup,2023
VEH00189,POL00189,EC2644,CHS7794237203,MTR975231717,Nissan,Van,2014
VEH00190,POL00190,EC6148,CHS1438386698,MTR369578130,Mazda,Pickup,2018
VEH00191,POL00191,EC1359,CHS4562781575,MTR823528756,Hyundai,Hatchback,2019
VEH00192,POL00192,EC2771,CHS3371780136,MTR532672465,Nissan,SUV,2015
VEH00193,POL00193,EC6569,CHS3645609641,MTR755287140,Kia,SUV,2016
VEH00194,POL00194,EC7724,CHS3663032347,MTR523100839,Nissan,Hatchback,2024
VEH00195,POL00195,EC6105,CHS7862566179,MTR763552417,Toyota,Pickup,2020
VEH00196,POL00196,EC7845,CHS8597758086,MTR738093135,Kia,Pickup,2017
VEH00197,POL00197,EC4863,CHS6529831060,MTR477889189,Nissan,Van,2016
VEH00198,POL00198,EC9224,CHS7287593250,MTR515184292,Mazda,SUV,2021
VEH00199,POL00199,EC9720,CHS8195734395,MTR662785517,Kia,Pickup,2022
VEH00200,POL00200,EC5177,CHS7475248513,MTR508113162,Chevrolet,Van,2016
VEH00201,POL00201,EC3543,CHS7472113541,MTR928699252,Nissan,SUV,2023
VEH00202,POL00202,EC9411,CHS9615873315,MTR419542893,Hyundai,Hatchback,2017
VEH00203,POL00203,EC8172,CHS3812795233,MTR692259547,Mazda,Hatchback,2020
VEH00204,POL00204,EC4011,CHS9784321418,MTR488333287,Toyota,Hatchback,2023
VEH00205,POL00205,EC6877,CHS7402641737,MTR360486023,Chevrolet,Van,2017
VEH00206,POL00206,EC3919,CHS9761493285,MTR562257543,Nissan,Hatchback,2021
VEH00207,POL00207,EC9133,CHS5585754230,MTR584021223,Mazda,Hatchback,2022
VEH00208,POL00208,EC1131,CHS3976249436,MTR939614916,Mazda,Pickup,2017
VEH00209,POL00209,EC5720,CHS5084036589,MTR129539841,Mazda,SUV,2016
VEH00210,POL00210,EC6711,CHS4539448036,MTR331009641,Nissan,Van,2020
VEH00211,POL00211,EC8862,CHS8142860971,MTR195646245,Hyundai,Van,2023
VEH00212,POL00212,EC2651,CHS3678147492,MTR704923018,Mazda,Pickup,2016
VEH00213,POL00213,EC8560,CHS2012593939,MTR407210794,Toyota,Pickup,2025
VEH00214,POL00214,EC6797,CHS1376088731,MTR611175469,Kia,Sedan,2022
VEH00215,POL00215,EC6694,CHS8865675030,MTR705930800,Nissan,Sedan,2023
VEH00216,POL00216,EC1881,CHS1260627734,MTR420003824,Nissan,Hatchback,2018
VEH00217,POL00217,EC8861,CHS8505434481,MTR574195019,Kia,Hatchback,2019
VEH00218,POL00218,EC6069,CHS6958073517,MTR454076020,Toyota,Hatchback,2018
VEH00219,POL00219,EC4931,CHS3001019495,MTR158677155,Kia,Hatchback,2015
VEH00220,POL00220,EC4292,CHS9299646333,MTR519436019,Kia,Pickup,2016
VEH00221,POL00221,EC3029,CHS1551687924,MTR760628906,Mazda,Pickup,2021
VEH00222,POL00222,EC3978,CHS3502334906,MTR931706865,Toyota,Sedan,2019
VEH00223,POL00223,EC8260,CHS1159169032,MTR389804546,Mazda,Sedan,2014
VEH00224,POL00224,EC3629,CHS1901234195,MTR304560471,Toyota,SUV,2020
VEH00225,POL00225,EC7634,CHS3799535968,MTR298996177,Toyota,Hatchback,2015
VEH00226,POL00226,EC3899,CHS4186174918,MTR258649531,Kia,Hatchback,2024
VEH00227,POL00227,EC2936,CHS3133924331,MTR807767999,Toyota,Pickup,2022
VEH00228,POL00228,EC8310,CHS9339175195,MTR128602441,Mazda,Sedan,2023
VEH00229,POL00229,EC8048,CHS4145349662,MTR174066967,Hyundai,Hatchback,2020
VEH00230,POL00230,EC2390,CHS4874680219,MTR364632698,Hyundai,Pickup,2019
VEH00231,POL00231,EC3464,CHS6268925391,MTR180555455,Mazda,Van,2021
VEH00232,POL00232,EC3068,CHS1340016304,MTR736847845,Chevrolet,SUV,2018
VEH00233,POL00233,EC4370,CHS5655368303,MTR518636835,Toyota,Sedan,2018
VEH00234,POL00234,EC6901,CHS6519814816,MTR775615308,Toyota,Van,2019
VEH00235,POL00235,EC2863,CHS5953784562,MTR934925421,Hyundai,Van,2018
VEH00236,POL00236,EC1157,CHS5667656601,MTR662006038,Hyundai,Van,2021
VEH00237,POL00237,EC8843,CHS5466447229,MTR105126254,Nissan,Van,2017
VEH00238,POL00238,EC2152,CHS9796983220,MTR853152359,Mazda,Van,2025
VEH00239,POL00239,EC6358,CHS2033121996,MTR642758454,Kia,Van,2016
VEH00240,POL00240,EC8617,CHS6905305630,MTR677425094,Hyundai,Hatchback,2025
VEH00241,POL00241,EC5795,CHS7465511665,MTR216190375,Toyota,Sedan,2019
VEH00242,POL00242,EC1733,CHS2494481461,MTR804207647,Chevrolet,Sedan,2025
VEH00243,POL00243,EC6531,CHS8479116647,MTR618895960,Mazda,Hatchback,2018
VEH00244,POL00244,EC2684,CHS8767295497,MTR752006189,Kia,Hatchback,2017
VEH00245,POL00245,EC6196,CHS1675532992,MTR639396314,Kia,SUV,2023
VEH00246,POL00246,EC9243,CHS6607892583,MTR677394790,Chevrolet,SUV,2024
VEH00247,POL00247,EC2826,CHS5588619338,MTR136653129,Hyundai,Hatchback,2025
VEH00248,POL00248,EC8443,CHS8883273218,MTR342437567,Hyundai,Pickup,2014
VEH00249,POL00249,EC9809,CHS1548042728,MTR200169381,Toyota,Hatchback,2025
VEH00250,POL00250,EC5653,CHS9916250593,MTR621493454,Kia,Sedan,2024
VEH00251,POL00251,EC3801,CHS3001330270,MTR307059464,Hyundai,Pickup,2019
VEH00252,POL00252,EC1728,CHS9592617704,MTR397064178,Mazda,Sedan,2016
VEH00253,POL00253,EC5502,CHS6041781943,MTR239224450,Kia,Sedan,2015
VEH00254,POL00254,EC3354,CHS4402604274,MTR966474965,Hyundai,Sedan,2020
VEH00255,POL00255,EC8617,CHS8693477338,MTR660035840,Hyundai,Pickup,2019
VEH00256,POL00256,EC1785,CHS5922526254,MTR905157597,Hyundai,SUV,2015
VEH00257,POL00257,EC4150,CHS1345751661,MTR338435945,Chevrolet,Pickup,2022
VEH00258,POL00258,EC8744,CHS1969469745,MTR332893563,Kia,Van,2016
VEH00259,POL00259,EC7735,CHS2638916427,MTR904862354,Hyundai,Hatchback,2015
VEH00260,POL00260,EC5535,CHS3267850013,MTR858953551,Kia,Sedan,2023
VEH00261,POL00261,EC8492,CHS6345242179,MTR545325562,Kia,SUV,2014
VEH00262,POL00262,EC9457,CHS3122965902,MTR314305787,Toyota,Pickup,2019
VEH00263,POL00263,EC5226,CHS9844196591,MTR982357369,Nissan,Hatchback,2017
VEH00264,POL00264,EC9008,CHS4404452040,MTR569955489,Mazda,Hatchback,2015
VEH00265,POL00265,EC8132,CHS7920920786,MTR475513671,Nissan,Sedan,2014
VEH00266,POL00266,EC9294,CHS4144157409,MTR870785773,Chevrolet,Hatchback,2015
VEH00267,POL00267,EC7648,CHS9037564514,MTR164751577,Kia,Van,2014
VEH00268,POL00268,EC9219,CHS8293154451,MTR278074483,Chevrolet,Hatchback,2020
VEH00269,POL00269,EC2126,CHS9592026519,MTR326086129,Chevrolet,SUV,2015
VEH00270,POL00270,EC4032,CHS1053981630,MTR254962028,Toyota,Van,2024
VEH00271,POL00271,EC2978,CHS8750509182,MTR393185796,Mazda,Hatchback,2017
VEH00272,POL00272,EC3766,CHS8076777641,MTR698358203,Mazda,Van,2024
VEH00273,POL00273,EC9174,CHS9872193834,MTR916091931,Nissan,SUV,2017
VEH00274,POL00274,EC5345,CHS3299601522,MTR952500590,Toyota,Hatchback,2014
VEH00275,POL00275,EC4153,CHS7848063664,MTR356633769,Chevrolet,Van,2015
VEH00276,POL00276,EC3371,CHS1047502000,MTR810097859,Nissan,Hatchback,2025
VEH00277,POL00277,EC1454,CHS8476905743,MTR736144243,Hyundai,Pickup,2018
VEH00278,POL00278,EC4789,CHS3738978698,MTR569981114,Kia,Sedan,2023
VEH00279,POL00279,EC9299,CHS5709839180,MTR798648664,Hyundai,Hatchback,2018
VEH00280,POL00280,EC6254,CHS5598560198,MTR810163170,Hyundai,Van,2014
VEH00281,POL00281,EC5336,CHS8674150669,MTR517505475,Chevrolet,SUV,2015
VEH00282,POL00282,EC4622,CHS7143637558,MTR418531908,Kia,Van,2021
VEH00283,POL00283,EC8640,CHS3828900086,MTR313090002,Kia,Van,2025
VEH00284,POL00284,EC5950,CHS6894644352,MTR236106219,Mazda,Pickup,2014
VEH00285,POL00285,EC9493,CHS4204211524,MTR522394156,Kia,Pickup,2016
VEH00286,POL00286,EC1201,CHS5465264957,MTR452546340,Nissan,Sedan,2017
VEH00287,POL00287,EC7749,CHS9711788452,MTR603945547,Nissan,Sedan,2025
VEH00288,POL00288,EC1000,CHS6207862651,MTR335357738,Nissan,Pickup,2025
VEH00289,POL00289,EC9874,CHS6626469382,MTR595896922,Hyundai,SUV,2015
VEH00290,POL00290,EC9527,CHS9849029372,MTR234984408,Toyota,Hatchback,2016
VEH00291,POL00291,EC2012,CHS3887481981,MTR907996929,Toyota,Hatchback,2016
VEH00292,POL00292,EC9838,CHS5177469690,MTR564060514,Chevrolet,SUV,2022
VEH00293,POL00293,EC5272,CHS9285989653,MTR633463645,Chevrolet,Van,2023
VEH00294,POL00294,EC1279,CHS7453454016,MTR922213356,Chevrolet,Van,2023
VEH00295,POL00295,EC5330,CHS6062669840,MTR564018044,Mazda,Pickup,2014
VEH00296,POL00296,EC8649,CHS7691029193,MTR734629496,Kia,Pickup,2024
VEH00297,POL00297,EC7381,CHS5864890038,MTR197900029,Mazda,SUV,2021
VEH00298,POL00298,EC2594,CHS6259745706,MTR324636670,Nissan,Sedan,2021
VEH00299,POL00299,EC7051,CHS3962356740,MTR753464806,Kia,Pickup,2021
VEH00300,POL00300,EC1673,CHS7858057756,MTR198570827,Nissan,Sedan,2014
VEH00301,POL00301,EC4557,CHS9491104824,MTR937518728,Nissan,SUV,2017
VEH00302,POL00302,EC8358,CHS5371300351,MTR676088996,Kia,Van,2017
VEH00303,POL00303,EC7452,CHS6838634031,MTR472912243,Nissan,Pickup,2018
VEH00304,POL00304,EC7070,CHS3540626112,MTR496911476,Kia,Hatchback,2015
VEH00305,POL00305,EC4003,CHS6908175592,MTR230621257,Hyundai,Van,2014
VEH00306,POL00306,EC1180,CHS5356661261,MTR890159087,Nissan,SUV,2015
VEH00307,POL00307,EC6654,CHS5009116760,MTR817419799,Nissan,Pickup,2015
VEH00308,POL00308,EC8355,CHS2323255720,MTR226475074,Chevrolet,Sedan,2024
VEH00309,POL00309,EC6693,CHS1336199516,MTR694219808,Mazda,Sedan,2025
VEH00310,POL00310,EC2677,CHS7610576367,MTR686456614,Chevrolet,Sedan,2017
VEH00311,POL00311,EC2936,CHS9847774542,MTR668331845,Mazda,Hatchback,2023
VEH00312,POL00312,EC4058,CHS6491997789,MTR553380470,Toyota,Sedan,2017
VEH00313,POL00313,EC5088,CHS7337243643,MTR734595194,Nissan,Hatchback,2020
VEH00314,POL00314,EC6109,CHS5897725041,MTR327961146,Hyundai,Hatchback,2020
VEH00315,POL00315,EC3838,CHS6074197469,MTR812731366,Hyundai,Hatchback,2025
VEH00316,POL00316,EC4193,CHS3050342607,MTR341039182,Kia,SUV,2020
VEH00317,POL00317,EC8779,CHS9834686511,MTR946149384,Hyundai,Van,2020
VEH00318,POL00318,EC4321,CHS4988797464,MTR524923487,Kia,Sedan,2015
VEH00319,POL00319,EC6024,CHS8439146288,MTR741858384,Nissan,SUV,2025
VEH00320,POL00320,EC5870,CHS8866575783,MTR580274639,Chevrolet,SUV,2016
VEH00321,POL00321,EC6857,CHS7805812010,MTR857461829,Nissan,SUV,2021
VEH00322,POL00322,EC4365,CHS8439269785,MTR523979415,Kia,Pickup,2018
VEH00323,POL00323,EC3938,CHS1672448449,MTR738926551,Chevrolet,Van,2017
VEH00324,POL00324,EC5898,CHS6352905085,MTR715602271,Nissan,SUV,2019
VEH00325,POL00325,EC5334,CHS1691112903,MTR882988093,Hyundai,Hatchback,2016
VEH00326,POL00326,EC6303,CHS5761730362,MTR435188113,Mazda,Pickup,2014
VEH00327,POL00327,EC7593,CHS6775361136,MTR852030181,Toyota,Van,2023
VEH00328,POL00328,EC4891,CHS4433399067,MTR678581458,Mazda,SUV,2019
VEH00329,POL00329,EC7459,CHS1516577429,MTR919860346,Nissan,SUV,2018
VEH00330,POL00330,EC6332,CHS4536370925,MTR323380122,Nissan,Sedan,2024
VEH00331,POL00331,EC3743,CHS1913404283,MTR889094492,Toyota,Sedan,2023
VEH00332,POL00332,EC4544,CHS4880239616,MTR762460337,Chevrolet,Sedan,2019
VEH00333,POL00333,EC1757,CHS4049985693,MTR316017512,Chevrolet,Hatchback,2025
VEH00334,POL00334,EC3959,CHS6071957846,MTR201817865,Toyota,Hatchback,2015
VEH00335,POL00335,EC4754,CHS6913168490,MTR730661073,Hyundai,Hatchback,2015
VEH00336,POL00336,EC3933,CHS1813199452,MTR558802059,Kia,Sedan,2015
VEH00337,POL00337,EC4597,CHS4389106802,MTR983834457,Chevrolet,Hatchback,2025
VEH00338,POL00338,EC6050,CHS9976313141,MTR241323368,Kia,Sedan,2022
VEH00339,POL00339,EC2129,CHS3035806486,MTR536095735,Nissan,Sedan,2022
VEH00340,POL00340,EC3257,CHS2078059320,MTR284133177,Mazda,Pickup,2019
VEH00341,POL00341,EC6940,CHS2129872061,MTR804992453,Toyota,Sedan,2024
VEH00342,POL00342,EC5959,CHS1180944898,MTR613788275,Toyota,SUV,2025
VEH00343,POL00343,EC9184,CHS3186070290,MTR241148300,Hyundai,SUV,2022
VEH00344,POL00344,EC8804,CHS9493197026,MTR389978470,Toyota,Pickup,2021
VEH00345,POL00345,EC9324,CHS3431971372,MTR443366271,Toyota,Pickup,2015
VEH00346,POL00346,EC5763,CHS8959784915,MTR941341973,Chevrolet,Sedan,2016
VEH00347,POL00347,EC1276,CHS3455100765,MTR497474149,Kia,Van,2015
VEH00348,POL00348,EC2432,CHS2326262400,MTR124209014,Kia,Pickup,2015
VEH00349,POL00349,EC6592,CHS4088996463,MTR854716783,Kia,Pickup,2021
VEH00350,POL00350,EC5341,CHS4650791534,MTR643536616,Toyota,Sedan,2018
VEH00351,POL00351,EC7930,CHS3444182624,MTR439929824,Kia,Sedan,2015
VEH00352,POL00352,EC6748,CHS5141694312,MTR287660283,Mazda,Van,2014
VEH00353,POL00353,EC9824,CHS3711533714,MTR145067735,Mazda,SUV,2014
VEH00354,POL00354,EC7316,CHS5656855726,MTR498618188,Toyota,Van,2018
VEH00355,POL00355,EC5729,CHS8427471410,MTR899408533,Hyundai,SUV,2017
VEH00356,POL00356,EC7718,CHS6335632117,MTR349265266,Hyundai,SUV,2015
VEH00357,POL00357,EC7080,CHS7811651871,MTR388204006,Chevrolet,Hatchback,2025
VEH00358,POL00358,EC1831,CHS1715362059,MTR475645921,Hyundai,Van,2015
VEH00359,POL00359,EC6675,CHS2517065288,MTR432233437,Hyundai,SUV,2022
VEH00360,POL00360,EC9527,CHS6146692750,MTR798543493,Kia,SUV,2015
VEH00361,POL00361,EC2027,CHS3063882378,MTR847982171,Kia,Sedan,2023
VEH00362,POL00362,EC3378,CHS4645229001,MTR979069879,Hyundai,Hatchback,2022
VEH00363,POL00363,EC3451,CHS5917231698,MTR257788336,Mazda,Pickup,2014
VEH00364,POL00364,EC3202,CHS6570229040,MTR252551569,Toyota,Van,2025
VEH00365,POL00365,EC9417,CHS9147058702,MTR880363187,Hyundai,Pickup,2022
VEH00366,POL00366,EC3143,CHS3189018839,MTR328925245,Hyundai,Hatchback,2016
VEH00367,POL00367,EC3133,CHS4384748183,MTR140184301,Nissan,Van,2017
VEH00368,POL00368,EC6569,CHS3583117696,MTR996193366,Chevrolet,SUV,2023
VEH00369,POL00369,EC3185,CHS6856375919,MTR598888089,Mazda,Van,2022
VEH00370,POL00370,EC3491,CHS3419405753,MTR291745033,Chevrolet,Van,2016
VEH00371,POL00371,EC1233,CHS7500140123,MTR481530152,Kia,Pickup,2016
VEH00372,POL00372,EC1619,CHS2676461059,MTR929564511,Hyundai,Van,2016
VEH00373,POL00373,EC6121,CHS1240857849,MTR627602668,Nissan,SUV,2021
VEH00374,POL00374,EC6300,CHS2052293502,MTR424697878,Toyota,Sedan,2023
VEH00375,POL00375,EC7804,CHS6001829237,MTR921782485,Chevrolet,Hatchback,2024
VEH00376,POL00376,EC6596,CHS8869943869,MTR137206596,Kia,Van,2020
VEH00377,POL00377,EC6959,CHS3169464850,MTR393574093,Kia,Sedan,2015
VEH00378,POL00378,EC5661,CHS3250224078,MTR422519869,Hyundai,Pickup,2024
VEH00379,POL00379,EC6489,CHS3186042976,MTR688180788,Toyota,Hatchback,2024
VEH00380,POL00380,EC9212,CHS2869451452,MTR525221704,Hyundai,Van,2019
VEH00381,POL00381,EC5810,CHS4500675243,MTR332858373,Hyundai,SUV,2020
VEH00382,POL00382,EC6309,CHS8799519400,MTR165814040,Hyundai,Hatchback,2021
VEH00383,POL00383,EC7803,CHS7609460491,MTR497309581,Nissan,Sedan,2015
VEH00384,POL00384,EC1146,CHS3621577572,MTR915315940,Toyota,Hatchback,2021
VEH00385,POL00385,EC7482,CHS1456971270,MTR159673608,Mazda,Pickup,2024
VEH00386,POL00386,EC1641,CHS9794847336,MTR962452249,Nissan,Sedan,2020
VEH00387,POL00387,EC8486,CHS9404748778,MTR139492746,Mazda,Hatchback,2025
VEH00388,POL00388,EC6348,CHS9919241363,MTR625567801,Toyota,Hatchback,2018
VEH00389,POL00389,EC7190,CHS1325402819,MTR611278511,Nissan,Pickup,2016
VEH00390,POL00390,EC4113,CHS8162367895,MTR147365875,Chevrolet,Sedan,2023
VEH00391,POL00391,EC3889,CHS4174562762,MTR773852343,Chevrolet,SUV,2018
VEH00392,POL00392,EC1033,CHS9317408365,MTR966147942,Kia,Pickup,2017
VEH00393,POL00393,EC8971,CHS5527210765,MTR486594169,Nissan,Pickup,2017
VEH00394,POL00394,EC1164,CHS3044153133,MTR159473399,Mazda,Van,2018
VEH00395,POL00395,EC4396,CHS4799126737,MTR709288244,Mazda,Sedan,2019
VEH00396,POL00396,EC4004,CHS6726791479,MTR758953403,Toyota,Van,2023
VEH00397,POL00397,EC2478,CHS8203560383,MTR557658510,Kia,SUV,2021
VEH00398,POL00398,EC5325,CHS5522538527,MTR652307069,Kia,Pickup,2022
VEH00399,POL00399,EC4343,CHS9650951394,MTR648293392,Chevrolet,Hatchback,2020
VEH00400,POL00400,EC6758,CHS9174061119,MTR867308466,Mazda,Van,2014
VEH00401,POL00401,EC1388,CHS5589597801,MTR461363230,Toyota,Van,2014
VEH00402,POL00402,EC3390,CHS4023059130,MTR767904100,Nissan,Van,2019
VEH00403,POL00403,EC8045,CHS6524136015,MTR202416902,Toyota,Pickup,2025
VEH00404,POL00404,EC1592,CHS1507999372,MTR638987258,Chevrolet,SUV,2015
VEH00405,POL00405,EC6810,CHS9309834218,MTR214081582,Chevrolet,Sedan,2017
VEH00406,POL00406,EC8137,CHS4333285325,MTR915999815,Hyundai,Van,2021
VEH00407,POL00407,EC4174,CHS8089460749,MTR788257715,Chevrolet,SUV,2025
VEH00408,POL00408,EC6783,CHS3317024047,MTR796415731,Hyundai,SUV,2021
VEH00409,POL00409,EC9599,CHS1926837899,MTR118834381,Mazda,Hatchback,2020
VEH00410,POL00410,EC5305,CHS6331176164,MTR184697980,Nissan,SUV,2015
VEH00411,POL00411,EC3419,CHS3401250886,MTR713809498,Nissan,Pickup,2016
VEH00412,POL00412,EC6713,CHS8600031725,MTR915713819,Chevrolet,Hatchback,2014
VEH00413,POL00413,EC6781,CHS2140478817,MTR608975216,Chevrolet,SUV,2016
VEH00414,POL00414,EC4979,CHS7317540076,MTR116172157,Mazda,Pickup,2014
VEH00415,POL00415,EC3225,CHS2794464607,MTR880865878,Hyundai,SUV,2020
VEH00416,POL00416,EC4925,CHS2770875635,MTR671421566,Toyota,Pickup,2019
VEH00417,POL00417,EC9142,CHS6086041939,MTR964447031,Nissan,SUV,2014
VEH00418,POL00418,EC2719,CHS9592187221,MTR290827288,Nissan,Hatchback,2021
VEH00419,POL00419,EC3654,CHS3702461839,MTR659347476,Hyundai,Sedan,2020
VEH00420,POL00420,EC4936,CHS9528749966,MTR357791680,Nissan,Van,2021
VEH00421,POL00421,EC7535,CHS4735735397,MTR656170423,Kia,Pickup,2018
VEH00422,POL00422,EC1222,CHS7439925545,MTR261410453,Kia,Van,2023
VEH00423,POL00423,EC6828,CHS5282861756,MTR440138020,Kia,SUV,2019
VEH00424,POL00424,EC2910,CHS1697143009,MTR799875229,Hyundai,Hatchback,2014
VEH00425,POL00425,EC8579,CHS5611135324,MTR991637261,Toyota,Sedan,2019
VEH00426,POL00426,EC4219,CHS6741031716,MTR259024093,Chevrolet,Van,2020
VEH00427,POL00427,EC2184,CHS4813653295,MTR200382113,Chevrolet,Pickup,2016
VEH00428,POL00428,EC9996,CHS4079575291,MTR631332947,Chevrolet,SUV,2019
VEH00429,POL00429,EC2440,CHS6253760858,MTR903384545,Toyota,Hatchback,2019
VEH00430,POL00430,EC6889,CHS8770008377,MTR278547196,Mazda,Hatchback,2016
VEH00431,POL00431,EC8694,CHS4783793907,MTR835319100,Nissan,Van,2018
VEH00432,POL00432,EC1353,CHS2970492589,MTR925133785,Mazda,Hatchback,2025
VEH00433,POL00433,EC4963,CHS4135606042,MTR906172433,Hyundai,Van,2022
VEH00434,POL00434,EC4794,CHS6885632646,MTR651466714,Chevrolet,Sedan,2016
VEH00435,POL00435,EC5637,CHS6737104278,MTR873689668,Toyota,Van,2023
VEH00436,POL00436,EC9790,CHS7944046387,MTR550087601,Toyota,Pickup,2016
VEH00437,POL00437,EC5703,CHS4542355759,MTR282748777,Nissan,Sedan,2023
VEH00438,POL00438,EC4178,CHS5469974547,MTR442852048,Toyota,SUV,2017
VEH00439,POL00439,EC5860,CHS6500329696,MTR692298646,Hyundai,Pickup,2020
VEH00440,POL00440,EC4881,CHS3464904564,MTR127626016,Chevrolet,Van,2024
VEH00441,POL00441,EC6340,CHS8501740975,MTR372649555,Kia,Van,2017
VEH00442,POL00442,EC9482,CHS8688600264,MTR142732196,Toyota,SUV,2015
VEH00443,POL00443,EC6069,CHS1806231868,MTR112021582,Mazda,Hatchback,2015
VEH00444,POL00444,EC3573,CHS2458573671,MTR948568070,Chevrolet,Van,2024
VEH00445,POL00445,EC8889,CHS5015988270,MTR597709249,Mazda,Pickup,2015
VEH00446,POL00446,EC9684,CHS2359476605,MTR179809933,Hyundai,Hatchback,2015
VEH00447,POL00447,EC8938,CHS8260707212,MTR124843812,Nissan,Van,2023
VEH00448,POL00448,EC5654,CHS3000027685,MTR513962230,Nissan,Hatchback,2021
VEH00449,POL00449,EC5786,CHS5636776190,MTR623655852,Toyota,Sedan,2019
VEH00450,POL00450,EC4991,CHS4007667831,MTR680848202,Chevrolet,SUV,2023
VEH00451,POL00451,EC7522,CHS2990319347,MTR895816380,Chevrolet,Sedan,2018
VEH00452,POL00452,EC1417,CHS3545352816,MTR285588570,Toyota,Van,2021
VEH00453,POL00453,EC6488,CHS6425351283,MTR858108278,Nissan,Pickup,2016
VEH00454,POL00454,EC9097,CHS3737034725,MTR816977748,Toyota,Hatchback,2024
VEH00455,POL00455,EC3442,CHS2480906851,MTR483675747,Chevrolet,Sedan,2019
VEH00456,POL00456,EC1412,CHS2519813705,MTR198987779,Chevrolet,Sedan,2018
VEH00457,POL00457,EC4392,CHS5888047477,MTR241277636,Mazda,Sedan,2015
VEH00458,POL00458,EC5708,CHS3741953434,MTR665722531,Nissan,Pickup,2017
VEH00459,POL00459,EC7474,CHS2716846527,MTR971841219,Kia,Hatchback,2020
VEH00460,POL00460,EC1902,CHS4333656288,MTR708049529,Chevrolet,Pickup,2021
VEH00461,POL00461,EC4920,CHS2705408092,MTR197154746,Kia,Pickup,2014
VEH00462,POL00462,EC5626,CHS3565421160,MTR130062911,Toyota,Sedan,2024
VEH00463,POL00463,EC7395,CHS5939645344,MTR917491099,Mazda,SUV,2018
VEH00464,POL00464,EC1361,CHS4291339875,MTR666983511,Nissan,Sedan,2023
VEH00465,POL00465,EC6557,CHS9736994896,MTR456707871,Toyota,Sedan,2023
VEH00466,POL00466,EC6470,CHS3385355438,MTR469171101,Toyota,Pickup,2022
VEH00467,POL00467,EC9303,CHS5740668869,MTR706779592,Chevrolet,Van,2019
VEH00468,POL00468,EC8914,CHS3165904160,MTR682156150,Hyundai,Hatchback,2022
VEH00469,POL00469,EC2285,CHS9502181820,MTR142776718,Kia,Pickup,2023
VEH00470,POL00470,EC9339,CHS9000427356,MTR822574690,Hyundai,Van,2023
VEH00471,POL00471,EC8047,CHS9077514815,MTR556727018,Chevrolet,Sedan,2017
VEH00472,POL00472,EC2961,CHS3563575994,MTR352050047,Hyundai,Sedan,2016
VEH00473,POL00473,EC7381,CHS7781499250,MTR797110021,Mazda,SUV,2020
VEH00474,POL00474,EC3157,CHS3016372058,MTR862455443,Hyundai,Sedan,2014
VEH00475,POL00475,EC4257,CHS5119585221,MTR183344684,Mazda,SUV,2025
VEH00476,POL00476,EC9183,CHS9333161917,MTR827301937,Hyundai,Hatchback,2019
VEH00477,POL00477,EC3587,CHS2646201435,MTR698406968,Kia,SUV,2024
VEH00478,POL00478,EC4509,CHS9939863788,MTR933727914,Nissan,Sedan,2015
VEH00479,POL00479,EC4934,CHS5855752915,MTR182964782,Mazda,Pickup,2017
VEH00480,POL00480,EC3327,CHS3154369274,MTR530254514,Kia,Hatchback,2025
VEH00481,POL00481,EC9997,CHS8914690115,MTR461216898,Mazda,Hatchback,2018
VEH00482,POL00482,EC5449,CHS2782221741,MTR934466005,Nissan,Hatchback,2019
VEH00483,POL00483,EC8292,CHS1586572069,MTR774342977,Toyota,Van,2016
VEH00484,POL00484,EC5038,CHS5399139550,MTR169149744,Hyundai,Van,2017
VEH00485,POL00485,EC2116,CHS1517285965,MTR619889134,Mazda,Hatchback,2025
VEH00486,POL00486,EC9023,CHS1805214238,MTR499680052,Toyota,Hatchback,2016
VEH00487,POL00487,EC2892,CHS6503739630,MTR886447812,Mazda,SUV,2020
VEH00488,POL00488,EC1495,CHS3397864423,MTR761393104,Chevrolet,SUV,2019
VEH00489,POL00489,EC6453,CHS8178789249,MTR428050763,Chevrolet,SUV,2014
VEH00490,POL00490,EC3651,CHS9495338683,MTR345057779,Toyota,Van,2025
VEH00491,POL00491,EC1142,CHS6683602398,MTR400473958,Hyundai,Hatchback,2018
VEH00492,POL00492,EC5748,CHS5465316880,MTR495339725,Toyota,SUV,2023
VEH00493,POL00493,EC3598,CHS7193629701,MTR532016437,Hyundai,Sedan,2017
VEH00494,POL00494,EC2653,CHS8984910354,MTR152473050,Chevrolet,Van,2020
VEH00495,POL00495,EC2903,CHS6719073678,MTR998061349,Nissan,Van,2024
VEH00496,POL00496,EC6382,CHS2838183880,MTR615615258,Hyundai,Sedan,2023
VEH00497,POL00497,EC3534,CHS1534400362,MTR888749138,Toyota,Pickup,2022
VEH00498,POL00498,EC5470,CHS8426300518,MTR484103151,Chevrolet,Van,2025
VEH00499,POL00499,EC4392,CHS9037765261,MTR956901644,Hyundai,Sedan,2017
VEH00500,POL00500,EC8162,CHS7408274084,MTR789076425,Kia,SUV,2023
VEH00501,POL00501,EC3827,CHS8550791616,MTR624844158,Mazda,Van,2025
VEH00502,POL00502,EC1628,CHS4208059674,MTR498267003,Toyota,Van,2016
VEH00503,POL00503,EC3893,CHS4577985850,MTR430619069,Toyota,Sedan,2017
VEH00504,POL00504,EC5203,CHS8945517435,MTR439628211,Mazda,Hatchback,2014
VEH00505,POL00505,EC8704,CHS9612755854,MTR334115314,Chevrolet,Van,2014
VEH00506,POL00506,EC9949,CHS7139043894,MTR531810834,Chevrolet,Van,2023
VEH00507,POL00507,EC8427,CHS1451890490,MTR396873737,Chevrolet,Sedan,2015
VEH00508,POL00508,EC7651,CHS2825707263,MTR195548420,Chevrolet,Van,2023
VEH00509,POL00509,EC3228,CHS4616691906,MTR814304452,Nissan,Pickup,2018
VEH00510,POL00510,EC7611,CHS8593887612,MTR490145869,Hyundai,Pickup,2015
VEH00511,POL00511,EC7774,CHS1488197458,MTR460653654,Hyundai,Hatchback,2020
VEH00512,POL00512,EC9629,CHS7384359699,MTR106830668,Kia,Hatchback,2017
VEH00513,POL00513,EC8961,CHS3164106148,MTR892382083,Nissan,Pickup,2023
VEH00514,POL00514,EC9737,CHS4004363400,MTR434301337,Hyundai,SUV,2018
VEH00515,POL00515,EC9198,CHS7490250128,MTR393450770,Kia,SUV,2019
VEH00516,POL00516,EC2341,CHS8150051724,MTR828182358,Toyota,SUV,2018
VEH00517,POL00517,EC8323,CHS3818490694,MTR270952738,Nissan,Pickup,2016
VEH00518,POL00518,EC7368,CHS6849952484,MTR888476395,Chevrolet,Hatchback,2023
VEH00519,POL00519,EC2617,CHS5484479847,MTR107450288,Chevrolet,Sedan,2024
VEH00520,POL00520,EC8739,CHS6232128796,MTR337250463,Chevrolet,Sedan,2020
VEH00521,POL00521,EC4201,CHS5019752434,MTR240513069,Kia,Van,2023
VEH00522,POL00522,EC3429,CHS9481118066,MTR623312721,Hyundai,Van,2014
VEH00523,POL00523,EC9919,CHS7755732020,MTR474270434,Toyota,Sedan,2016
VEH00524,POL00524,EC9998,CHS4328612125,MTR530923348,Nissan,Van,2016
VEH00525,POL00525,EC2579,CHS5814878651,MTR258173663,Toyota,Hatchback,2016
VEH00526,POL00526,EC8380,CHS8176250295,MTR570288227,Kia,Hatchback,2021
VEH00527,POL00527,EC8714,CHS9979918885,MTR596345339,Mazda,Van,2025
VEH00528,POL00528,EC8781,CHS2986528918,MTR268303773,Chevrolet,Sedan,2016
VEH00529,POL00529,EC8863,CHS1707086754,MTR920393376,Toyota,Hatchback,2024
VEH00530,POL00530,EC9331,CHS9981904151,MTR834346365,Chevrolet,Pickup,2021
VEH00531,POL00531,EC2383,CHS7578306019,MTR813090782,Nissan,Sedan,2020
VEH00532,POL00532,EC7232,CHS6336277222,MTR468919626,Toyota,Hatchback,2014
VEH00533,POL00533,EC2059,CHS3138803539,MTR781736945,Mazda,Pickup,2022
VEH00534,POL00534,EC4301,CHS9241926214,MTR490441723,Mazda,Sedan,2014
VEH00535,POL00535,EC8471,CHS3330846691,MTR151894974,Nissan,Van,2021
VEH00536,POL00536,EC3770,CHS2230279260,MTR527197200,Hyundai,Hatchback,2017
VEH00537,POL00537,EC4475,CHS9814936860,MTR323576590,Mazda,Van,2022
VEH00538,POL00538,EC6384,CHS4651160728,MTR666826677,Mazda,Sedan,2021
VEH00539,POL00539,EC6823,CHS3271095730,MTR148971164,Mazda,Hatchback,2025
VEH00540,POL00540,EC5108,CHS4352853045,MTR905995029,Nissan,Pickup,2016
VEH00541,POL00541,EC8359,CHS5959492678,MTR844328053,Kia,Sedan,2014
VEH00542,POL00542,EC2762,CHS6497701560,MTR923934666,Hyundai,Hatchback,2015
VEH00543,POL00543,EC3213,CHS8152390049,MTR479244065,Mazda,Van,2025
VEH00544,POL00544,EC3526,CHS1495916394,MTR748596565,Mazda,Sedan,2020
VEH00545,POL00545,EC7640,CHS6307868978,MTR109814033,Toyota,SUV,2018
VEH00546,POL00546,EC6097,CHS2015383602,MTR733452088,Hyundai,SUV,2024
VEH00547,POL00547,EC7184,CHS4997332285,MTR140485652,Chevrolet,Pickup,2023
VEH00548,POL00548,EC5742,CHS7705239619,MTR540064345,Chevrolet,Pickup,2024
VEH00549,POL00549,EC3254,CHS8693134284,MTR143385735,Mazda,Pickup,2018
VEH00550,POL00550,EC6097,CHS7563585186,MTR148848552,Hyundai,Hatchback,2021
VEH00551,POL00551,EC1506,CHS2092135260,MTR169288744,Mazda,Hatchback,2025
VEH00552,POL00552,EC5379,CHS4766589307,MTR109571648,Chevrolet,Sedan,2015
VEH00553,POL00553,EC4151,CHS6506189058,MTR417746662,Mazda,Hatchback,2022
VEH00554,POL00554,EC4606,CHS7670739178,MTR296072602,Mazda,Van,2025
VEH00555,POL00555,EC4365,CHS3282181945,MTR770647345,Hyundai,Sedan,2019
VEH00556,POL00556,EC2169,CHS2837503560,MTR819143266,Chevrolet,Van,2017
VEH00557,POL00557,EC9768,CHS6569707632,MTR594779622,Mazda,Van,2022
VEH00558,POL00558,EC3215,CHS7321227564,MTR166779044,Kia,Sedan,2022
VEH00559,POL00559,EC3601,CHS8476945389,MTR477505636,Hyundai,Sedan,2015
VEH00560,POL00560,EC8177,CHS8877008963,MTR828275768,Mazda,SUV,2021
VEH00561,POL00561,EC4349,CHS2598302691,MTR103598611,Kia,Van,2020
VEH00562,POL00562,EC6564,CHS4307145984,MTR343306766,Chevrolet,SUV,2025
VEH00563,POL00563,EC6365,CHS2319579115,MTR667876867,Chevrolet,Van,2023
VEH00564,POL00564,EC2085,CHS9186219556,MTR871509756,Nissan,SUV,2020
VEH00565,POL00565,EC1583,CHS4560202724,MTR318085632,Hyundai,SUV,2023
VEH00566,POL00566,EC8343,CHS8452460198,MTR775087877,Nissan,SUV,2017
VEH00567,POL00567,EC7353,CHS1787742104,MTR561048450,Nissan,Hatchback,2018
VEH00568,POL00568,EC5702,CHS2119722237,MTR280573902,Hyundai,Sedan,2022
VEH00569,POL00569,EC5174,CHS6604882050,MTR687304834,Hyundai,Pickup,2023
VEH00570,POL00570,EC4228,CHS9965569322,MTR957203024,Hyundai,Hatchback,2018
VEH00571,POL00571,EC1624,CHS7819799166,MTR548598954,Toyota,Pickup,2024
VEH00572,POL00572,EC4963,CHS5890492823,MTR577614156,Kia,Van,2014
VEH00573,POL00573,EC4358,CHS7083443903,MTR930442878,Hyundai,SUV,2017
VEH00574,POL00574,EC3656,CHS9099653636,MTR557203240,Mazda,Van,2016
VEH00575,POL00575,EC3039,CHS8630507030,MTR144934677,Nissan,Sedan,2018
VEH00576,POL00576,EC7584,CHS3745295836,MTR618138940,Nissan,Sedan,2014
VEH00577,POL00577,EC9444,CHS4219670788,MTR910908113,Nissan,Pickup,2014
VEH00578,POL00578,EC6855,CHS5073986180,MTR650901327,Hyundai,Hatchback,2023
VEH00579,POL00579,EC4626,CHS5392337009,MTR667597537,Chevrolet,Van,2024
VEH00580,POL00580,EC6742,CHS1111940164,MTR123517017,Toyota,Hatchback,2014
VEH00581,POL00581,EC1789,CHS6072527982,MTR464861266,Hyundai,Sedan,2022
VEH00582,POL00582,EC1772,CHS1372418836,MTR825438697,Nissan,SUV,2023
VEH00583,POL00583,EC7131,CHS9580358523,MTR857731239,Chevrolet,Hatchback,2014
VEH00584,POL00584,EC1272,CHS4472102484,MTR401923899,Mazda,Van,2014
VEH00585,POL00585,EC3944,CHS9655194875,MTR834988808,Kia,Pickup,2024
VEH00586,POL00586,EC5997,CHS2061324618,MTR659525395,Hyundai,SUV,2021
VEH00587,POL00587,EC8994,CHS1249154431,MTR979366306,Kia,Hatchback,2025
VEH00588,POL00588,EC4864,CHS2425258652,MTR553848736,Nissan,Hatchback,2017
VEH00589,POL00589,EC2709,CHS3575354289,MTR884482429,Toyota,SUV,2022
VEH00590,POL00590,EC7379,CHS1085049565,MTR634843915,Toyota,Pickup,2025
VEH00591,POL00591,EC2628,CHS5011537811,MTR189312593,Mazda,Van,2021
VEH00592,POL00592,EC5703,CHS7848038854,MTR973300397,Toyota,Pickup,2017
VEH00593,POL00593,EC2501,CHS7070766725,MTR647414137,Toyota,Pickup,2017
VEH00594,POL00594,EC3027,CHS1382523659,MTR376227140,Kia,Van,2023
VEH00595,POL00595,EC6895,CHS8848464504,MTR297300043,Chevrolet,Pickup,2014
VEH00596,POL00596,EC8662,CHS3533037869,MTR967083438,Chevrolet,Sedan,2016
VEH00597,POL00597,EC5981,CHS4161682186,MTR635328067,Kia,Hatchback,2019
VEH00598,POL00598,EC8893,CHS2458678793,MTR298460574,Toyota,Hatchback,2015
VEH00599,POL00599,EC5536,CHS5916474043,MTR419467174,Kia,Hatchback,2018
VEH00600,POL00600,EC3564,CHS6721809832,MTR767549840,Mazda,Van,2017
VEH00601,POL00601,EC5591,CHS4427564558,MTR692431899,Mazda,Van,2022
VEH00602,POL00602,EC6821,CHS1177522113,MTR290893912,Nissan,SUV,2018
VEH00603,POL00603,EC7672,CHS3162784012,MTR700135766,Chevrolet,Pickup,2018
VEH00604,POL00604,EC3342,CHS9583554200,MTR955571015,Toyota,Van,2014
VEH00605,POL00605,EC1686,CHS5611253390,MTR273713337,Mazda,Sedan,2015
VEH00606,POL00606,EC3246,CHS9319410166,MTR783432274,Chevrolet,SUV,2022
VEH00607,POL00607,EC3382,CHS6799494157,MTR180893641,Nissan,Pickup,2015
VEH00608,POL00608,EC6885,CHS7711692449,MTR344216467,Nissan,Pickup,2023
VEH00609,POL00609,EC8157,CHS4967149119,MTR773921620,Mazda,Van,2019
VEH00610,POL00610,EC5196,CHS6186034461,MTR856435531,Chevrolet,Hatchback,2014
VEH00611,POL00611,EC5785,CHS3959155302,MTR657019443,Mazda,Van,2017
VEH00612,POL00612,EC1875,CHS7335710931,MTR635425555,Hyundai,Sedan,2022
VEH00613,POL00613,EC2526,CHS6586047674,MTR805047119,Nissan,Van,2014
VEH00614,POL00614,EC3129,CHS1631074343,MTR784493457,Kia,Van,2025
VEH00615,POL00615,EC8580,CHS4295778911,MTR714462790,Nissan,Pickup,2022
VEH00616,POL00616,EC5888,CHS6751597462,MTR100924397,Toyota,Pickup,2016
VEH00617,POL00617,EC9663,CHS2898141152,MTR584935323,Chevrolet,Sedan,2014
VEH00618,POL00618,EC9110,CHS1970276101,MTR909718868,Kia,Hatchback,2014
VEH00619,POL00619,EC8459,CHS5932807616,MTR136643969,Chevrolet,Pickup,2015
VEH00620,POL00620,EC8608,CHS7885099269,MTR341450826,Mazda,Van,2021
VEH00621,POL00621,EC8007,CHS7082777330,MTR530473695,Nissan,SUV,2024
VEH00622,POL00622,EC9508,CHS1189579182,MTR742332741,Nissan,Hatchback,2022
VEH00623,POL00623,EC3588,CHS1471541396,MTR255242249,Mazda,SUV,2016
VEH00624,POL00624,EC2617,CHS8531175210,MTR421355176,Chevrolet,SUV,2022
VEH00625,POL00625,EC2604,CHS5752168469,MTR937610375,Hyundai,Pickup,2022
VEH00626,POL00626,EC3883,CHS8951083046,MTR484712218,Mazda,Pickup,2021
VEH00627,POL00627,EC3652,CHS4401770899,MTR829504048,Toyota,SUV,2021
VEH00628,POL00628,EC8610,CHS4926119216,MTR883533594,Hyundai,Pickup,2023
VEH00629,POL00629,EC6477,CHS1126385848,MTR702799663,Kia,Hatchback,2014
VEH00630,POL00630,EC1727,CHS1813584342,MTR406836081,Kia,SUV,2015
VEH00631,POL00631,EC5767,CHS5061693840,MTR345547359,Toyota,Van,2020
VEH00632,POL00632,EC1535,CHS1343185896,MTR109651420,Kia,Van,2025
VEH00633,POL00633,EC7553,CHS2382684831,MTR614701096,Hyundai,Pickup,2022
VEH00634,POL00634,EC5682,CHS4424657786,MTR924865037,Chevrolet,Sedan,2020
VEH00635,POL00635,EC8598,CHS8481152962,MTR247657372,Nissan,Sedan,2020
VEH00636,POL00636,EC7494,CHS2353527996,MTR233307825,Nissan,Hatchback,2020
VEH00637,POL00637,EC4749,CHS1477809576,MTR574693275,Chevrolet,Hatchback,2016
VEH00638,POL00638,EC6692,CHS3650177519,MTR779939326,Kia,Pickup,2025
VEH00639,POL00639,EC7188,CHS7542231112,MTR931309373,Chevrolet,Hatchback,2014
VEH00640,POL00640,EC3938,CHS5589334227,MTR484600249,Hyundai,Sedan,2016
VEH00641,POL00641,EC9086,CHS2035903816,MTR356031253,Mazda,Pickup,2016
VEH00642,POL00642,EC8957,CHS8351046700,MTR324589970,Hyundai,Pickup,2023
VEH00643,POL00643,EC4877,CHS7926566625,MTR221351893,Mazda,Van,2020
VEH00644,POL00644,EC9787,CHS9625004832,MTR753210844,Kia,Van,2019
VEH00645,POL00645,EC4439,CHS2474762150,MTR699965667,Hyundai,SUV,2022
VEH00646,POL00646,EC7471,CHS6534325435,MTR286793109,Hyundai,Pickup,2014
VEH00647,POL00647,EC5974,CHS8595937821,MTR141986889,Kia,Sedan,2022
VEH00648,POL00648,EC9022,CHS9174274090,MTR845755766,Toyota,Sedan,2019
VEH00649,POL00649,EC6337,CHS4914528174,MTR916008646,Hyundai,Van,2014
VEH00650,POL00650,EC6361,CHS5706354124,MTR532843251,Nissan,Pickup,2019
VEH00651,POL00651,EC1481,CHS1567140104,MTR164763640,Toyota,Hatchback,2020
VEH00652,POL00652,EC9019,CHS1348644734,MTR881251749,Kia,Van,2022
VEH00653,POL00653,EC6707,CHS1531302092,MTR167179918,Hyundai,Sedan,2021
VEH00654,POL00654,EC4310,CHS2065778817,MTR192793898,Nissan,Sedan,2020
VEH00655,POL00655,EC7106,CHS2314489092,MTR387937599,Toyota,Sedan,2014
VEH00656,POL00656,EC9624,CHS2204784560,MTR173006416,Mazda,Hatchback,2021
VEH00657,POL00657,EC5762,CHS9712141263,MTR345893944,Kia,Hatchback,2015
VEH00658,POL00658,EC1337,CHS2673473850,MTR818823886,Nissan,Pickup,2017
VEH00659,POL00659,EC1813,CHS7477347265,MTR198771275,Chevrolet,SUV,2020
VEH00660,POL00660,EC2733,CHS7941095115,MTR220832159,Chevrolet,Hatchback,2017
VEH00661,POL00661,EC4827,CHS9597252192,MTR742302688,Toyota,Pickup,2014
VEH00662,POL00662,EC8184,CHS2144972472,MTR931866611,Hyundai,Sedan,2022
VEH00663,POL00663,EC9227,CHS9364191343,MTR122434725,Chevrolet,Sedan,2015
VEH00664,POL00664,EC6521,CHS2247003020,MTR114403426,Kia,Hatchback,2016
VEH00665,POL00665,EC5178,CHS2223326098,MTR668125459,Hyundai,SUV,2020
VEH00666,POL00666,EC1332,CHS3339325132,MTR180280873,Toyota,Sedan,2016
VEH00667,POL00667,EC1544,CHS8663214891,MTR973293240,Mazda,Pickup,2017
VEH00668,POL00668,EC1529,CHS5666157259,MTR801859901,Toyota,Pickup,2017
VEH00669,POL00669,EC4574,CHS1798663290,MTR805224757,Kia,Sedan,2014
VEH00670,POL00670,EC4662,CHS8840953434,MTR107082502,Kia,Van,2025
VEH00671,POL00671,EC7304,CHS3278073611,MTR890565677,Hyundai,SUV,2023
VEH00672,POL00672,EC4395,CHS8490954026,MTR716357409,Kia,Van,2023
VEH00673,POL00673,EC6719,CHS1216867799,MTR728561757,Chevrolet,Sedan,2020
VEH00674,POL00674,EC2585,CHS9162527760,MTR287893876,Chevrolet,Van,2014
VEH00675,POL00675,EC2126,CHS7561964042,MTR702952693,Kia,Hatchback,2014
VEH00676,POL00676,EC7734,CHS2680358290,MTR618818239,Toyota,Van,2018
VEH00677,POL00677,EC9567,CHS6087521627,MTR922937273,Kia,Sedan,2018
VEH00678,POL00678,EC7332,CHS4126110990,MTR710930938,Nissan,Pickup,2015
VEH00679,POL00679,EC8458,CHS6074733225,MTR598838426,Mazda,SUV,2017
VEH00680,POL00680,EC7492,CHS8136190447,MTR387259277,Kia,Pickup,2016
VEH00681,POL00681,EC7886,CHS2231033968,MTR310646048,Toyota,Van,2018
VEH00682,POL00682,EC5237,CHS8184065733,MTR259500740,Mazda,Van,2024
VEH00683,POL00683,EC1781,CHS9682565196,MTR149120630,Mazda,Pickup,2015
VEH00684,POL00684,EC4865,CHS7358059679,MTR494460143,Nissan,Sedan,2016
VEH00685,POL00685,EC5549,CHS9364368987,MTR624159145,Hyundai,Van,2021
VEH00686,POL00686,EC4444,CHS1401978736,MTR550902113,Chevrolet,Van,2022
VEH00687,POL00687,EC1250,CHS1414440032,MTR453689322,Chevrolet,SUV,2017
VEH00688,POL00688,EC3402,CHS6974915443,MTR670445188,Toyota,Pickup,2025
VEH00689,POL00689,EC4172,CHS5327524297,MTR654324758,Kia,Van,2015
VEH00690,POL00690,EC6436,CHS9978519180,MTR308334587,Mazda,Hatchback,2025
VEH00691,POL00691,EC3219,CHS1085655197,MTR360768334,Kia,SUV,2014
VEH00692,POL00692,EC7998,CHS9492948570,MTR638998103,Hyundai,SUV,2022
VEH00693,POL00693,EC5221,CHS7273280665,MTR143190194,Chevrolet,Pickup,2025
VEH00694,POL00694,EC7086,CHS6514689647,MTR806347433,Hyundai,Hatchback,2015
VEH00695,POL00695,EC8472,CHS6386015558,MTR855250122,Toyota,Sedan,2024
VEH00696,POL00696,EC8934,CHS5849958731,MTR847385676,Hyundai,Van,2017
VEH00697,POL00697,EC7422,CHS6097912537,MTR915451483,Hyundai,Pickup,2022
VEH00698,POL00698,EC6340,CHS2279934065,MTR307371585,Kia,Hatchback,2021
VEH00699,POL00699,EC5013,CHS4937283492,MTR233459392,Toyota,Pickup,2024
VEH00700,POL00700,EC9360,CHS5059052821,MTR661029989,Nissan,SUV,2014
VEH00701,POL00701,EC5401,CHS2030376245,MTR345672300,Nissan,Pickup,2014
VEH00702,POL00702,EC7374,CHS4341447398,MTR589611154,Kia,Sedan,2022
VEH00703,POL00703,EC5196,CHS7844063293,MTR690243647,Hyundai,SUV,2015
VEH00704,POL00704,EC8752,CHS7666807927,MTR868144124,Toyota,Hatchback,2017
VEH00705,POL00705,EC4100,CHS7865247504,MTR802346027,Hyundai,Sedan,2014
VEH00706,POL00706,EC4915,CHS6193124249,MTR555691577,Nissan,Hatchback,2014
VEH00707,POL00707,EC3803,CHS6366296405,MTR638859127,Chevrolet,Van,2016
VEH00708,POL00708,EC2695,CHS3261118236,MTR642415054,Mazda,Sedan,2021
VEH00709,POL00709,EC4372,CHS4934137251,MTR979964384,Hyundai,Hatchback,2025
VEH00710,POL00710,EC7682,CHS6980217785,MTR268506405,Chevrolet,SUV,2019
VEH00711,POL00711,EC9995,CHS1523425558,MTR432213500,Kia,Sedan,2016
VEH00712,POL00712,EC8868,CHS9960376208,MTR742474838,Hyundai,Sedan,2019
VEH00713,POL00713,EC2682,CHS9357409360,MTR970225711,Kia,Pickup,2017
VEH00714,POL00714,EC5505,CHS2895448350,MTR716119394,Toyota,Hatchback,2017
VEH00715,POL00715,EC2436,CHS1760852388,MTR347419419,Toyota,Van,2023
VEH00716,POL00716,EC4372,CHS3706597258,MTR284387615,Chevrolet,Van,2014
VEH00717,POL00717,EC1322,CHS4126816302,MTR783715630,Chevrolet,Hatchback,2017
VEH00718,POL00718,EC9597,CHS4815815573,MTR979818937,Kia,Van,2025
VEH00719,POL00719,EC4506,CHS9781282694,MTR383580229,Kia,Sedan,2025
VEH00720,POL00720,EC5196,CHS2260659310,MTR244195390,Chevrolet,SUV,2020
VEH00721,POL00721,EC6480,CHS7177396927,MTR140543318,Mazda,Pickup,2021
VEH00722,POL00722,EC9034,CHS9009581663,MTR478081723,Chevrolet,Van,2023
VEH00723,POL00723,EC2784,CHS5210740599,MTR361186175,Kia,Van,2019
VEH00724,POL00724,EC4337,CHS5456342188,MTR167790455,Chevrolet,Pickup,2016
VEH00725,POL00725,EC1765,CHS6556569794,MTR755175418,Kia,Sedan,2015
VEH00726,POL00726,EC9917,CHS1486216172,MTR732853246,Mazda,Sedan,2020
VEH00727,POL00727,EC1029,CHS5958331636,MTR735105300,Kia,Hatchback,2015
VEH00728,POL00728,EC2436,CHS1289232546,MTR708609465,Chevrolet,SUV,2025
VEH00729,POL00729,EC2151,CHS5593584836,MTR844801913,Mazda,Sedan,2025
VEH00730,POL00730,EC4120,CHS4381444753,MTR908658000,Chevrolet,Hatchback,2016
VEH00731,POL00731,EC7972,CHS9655305876,MTR981240468,Hyundai,Sedan,2018
VEH00732,POL00732,EC6385,CHS9390542653,MTR742638789,Toyota,Sedan,2020
VEH00733,POL00733,EC4910,CHS4389044138,MTR951085084,Nissan,Van,2020
VEH00734,POL00734,EC4848,CHS6229073048,MTR204177001,Hyundai,Van,2018
VEH00735,POL00735,EC3523,CHS9752698006,MTR191718835,Chevrolet,Hatchback,2020
VEH00736,POL00736,EC1914,CHS6295004793,MTR389087728,Kia,Sedan,2025
VEH00737,POL00737,EC6322,CHS3247938494,MTR842209205,Chevrolet,Van,2017
VEH00738,POL00738,EC5802,CHS2576402377,MTR862237416,Kia,Sedan,2023
VEH00739,POL00739,EC6196,CHS1682961490,MTR171726864,Nissan,SUV,2023
VEH00740,POL00740,EC7002,CHS4652346135,MTR675316601,Chevrolet,SUV,2025
VEH00741,POL00741,EC4973,CHS8897978993,MTR990931019,Mazda,Pickup,2015
VEH00742,POL00742,EC9966,CHS6049174965,MTR880192764,Hyundai,Pickup,2024
VEH00743,POL00743,EC9871,CHS9931469104,MTR955941254,Mazda,Sedan,2025
VEH00744,POL00744,EC5373,CHS1966854056,MTR916948120,Hyundai,Van,2025
VEH00745,POL00745,EC4186,CHS5250844086,MTR560542863,Mazda,Van,2021
VEH00746,POL00746,EC5428,CHS8801148967,MTR650214092,Toyota,Pickup,2022
VEH00747,POL00747,EC3588,CHS4113255149,MTR127759037,Mazda,Sedan,2024
VEH00748,POL00748,EC1037,CHS6376913727,MTR702211023,Chevrolet,Sedan,2020
VEH00749,POL00749,EC8283,CHS4830163451,MTR607331186,Mazda,SUV,2021
VEH00750,POL00750,EC7292,CHS3715389129,MTR442876300,Chevrolet,SUV,2022
VEH00751,POL00751,EC9520,CHS7437350603,MTR833329081,Nissan,SUV,2022
VEH00752,POL00752,EC5608,CHS8744691874,MTR922497680,Chevrolet,Sedan,2025
VEH00753,POL00753,EC3147,CHS6205230440,MTR259183686,Kia,SUV,2016
VEH00754,POL00754,EC7981,CHS7473878959,MTR312774024,Mazda,SUV,2023
VEH00755,POL00755,EC2283,CHS4937667731,MTR314005282,Hyundai,Pickup,2018
VEH00756,POL00756,EC7274,CHS6335377840,MTR473431838,Hyundai,Sedan,2018
VEH00757,POL00757,EC4819,CHS9274751686,MTR312788007,Kia,SUV,2019
VEH00758,POL00758,EC3943,CHS2664913301,MTR837455504,Mazda,Van,2024
VEH00759,POL00759,EC6477,CHS1385319996,MTR907876480,Chevrolet,Pickup,2015
VEH00760,POL00760,EC8101,CHS6000570008,MTR566497744,Kia,Hatchback,2016
VEH00761,POL00761,EC5544,CHS4153958842,MTR363243267,Mazda,Hatchback,2017
VEH00762,POL00762,EC2420,CHS9198245113,MTR433405167,Chevrolet,Van,2021
VEH00763,POL00763,EC7946,CHS4883639660,MTR453551536,Nissan,SUV,2014
VEH00764,POL00764,EC3234,CHS6469071636,MTR507356560,Nissan,SUV,2025
VEH00765,POL00765,EC1389,CHS4991484867,MTR968050574,Hyundai,Sedan,2022
VEH00766,POL00766,EC3294,CHS7944002602,MTR604151138,Kia,SUV,2025
VEH00767,POL00767,EC4514,CHS4266307741,MTR633000805,Kia,SUV,2015
VEH00768,POL00768,EC5664,CHS2546368767,MTR779970567,Hyundai,SUV,2019
VEH00769,POL00769,EC4541,CHS2866320645,MTR749587539,Mazda,Van,2025
VEH00770,POL00770,EC6020,CHS4567890201,MTR785803414,Kia,Hatchback,2022
VEH00771,POL00771,EC1229,CHS8914945826,MTR277725905,Chevrolet,Pickup,2017
VEH00772,POL00772,EC2865,CHS1420264653,MTR467819261,Chevrolet,Van,2024
VEH00773,POL00773,EC5225,CHS4161375964,MTR481753954,Chevrolet,SUV,2022
VEH00774,POL00774,EC9678,CHS8162088908,MTR572264475,Hyundai,Pickup,2016
VEH00775,POL00775,EC8400,CHS9548250776,MTR417459605,Chevrolet,SUV,2020
VEH00776,POL00776,EC6346,CHS7183919324,MTR313339092,Kia,SUV,2021
VEH00777,POL00777,EC5023,CHS5495105139,MTR828719129,Mazda,Van,2021
VEH00778,POL00778,EC5557,CHS6602240159,MTR346678628,Kia,Pickup,2015
VEH00779,POL00779,EC4682,CHS6744249273,MTR716892096,Kia,Hatchback,2024
VEH00780,POL00780,EC4509,CHS5165342659,MTR805168536,Hyundai,Sedan,2021
VEH00781,POL00781,EC7002,CHS4895319410,MTR431506074,Nissan,Van,2025
VEH00782,POL00782,EC4250,CHS2988981229,MTR695617169,Mazda,Pickup,2022
VEH00783,POL00783,EC6445,CHS2773553979,MTR501587563,Toyota,SUV,2017
VEH00784,POL00784,EC6745,CHS1075985948,MTR912113642,Chevrolet,Hatchback,2014
VEH00785,POL00785,EC1755,CHS5137648707,MTR875253737,Nissan,SUV,2022
VEH00786,POL00786,EC3367,CHS1638907563,MTR997464988,Toyota,Van,2025
VEH00787,POL00787,EC9462,CHS1182138600,MTR115008808,Mazda,SUV,2018
VEH00788,POL00788,EC2536,CHS4016766432,MTR927494339,Nissan,Van,2017
VEH00789,POL00789,EC7207,CHS9715307439,MTR711778112,Toyota,Sedan,2021
VEH00790,POL00790,EC9081,CHS3655801897,MTR566684986,Mazda,Pickup,2016
VEH00791,POL00791,EC2103,CHS2555953288,MTR789233678,Chevrolet,Hatchback,2020
VEH00792,POL00792,EC9363,CHS5697410653,MTR677371840,Toyota,Van,2021
VEH00793,POL00793,EC4275,CHS1320632548,MTR315610394,Chevrolet,Pickup,2022
VEH00794,POL00794,EC5762,CHS8356732132,MTR453970483,Hyundai,SUV,2024
VEH00795,POL00795,EC4288,CHS6622208758,MTR825136857,Mazda,SUV,2016
VEH00796,POL00796,EC4672,CHS4357951876,MTR253753608,Mazda,Pickup,2015
VEH00797,POL00797,EC4606,CHS1044744438,MTR317441282,Hyundai,Hatchback,2020
VEH00798,POL00798,EC2744,CHS8885460891,MTR790818675,Kia,Pickup,2018
VEH00799,POL00799,EC6012,CHS2395236259,MTR653099392,Nissan,Sedan,2020
VEH00800,POL00800,EC3045,CHS5775339404,MTR385085534,Chevrolet,Hatchback,2025
