id_poliza,id_asegurado,ramo,fecha_inicio,fecha_fin,suma_asegurada,ciudad,prima,deducible,canal_venta,estado_poliza
POL-0001,ASEG-0010,Vehiculos,2024-08-10,2025-08-10,20000,Quito,564,500.0,Broker,Expirada
POL-0002,ASEG-0171,Hogar,2024-06-09,2025-06-09,40000,Riobamba,1195,800.0,Broker,Expirada
POL-0003,ASEG-0158,Vehiculos,2024-07-26,2025-07-26,28000,Ambato,831,700.0,Digital,Expirada
POL-0004,ASEG-0169,Vehiculos,2024-09-20,2025-09-20,30000,Loja,681,750.0,Agente,Expirada
POL-0005,ASEG-0103,Vehiculos,2024-12-01,2025-12-01,8000,Riobamba,244,200.0,Broker,Expirada
POL-0006,ASEG-0194,Vehiculos,2025-01-03,2026-01-03,28000,Cuenca,671,700.0,Agente,Expirada
POL-0007,ASEG-0061,Vehiculos,2024-06-12,2025-06-12,28000,Loja,536,700.0,Digital,Expirada
POL-0008,ASEG-0100,Vehiculos,2025-01-26,2026-01-26,30000,Cuenca,700,750.0,Bancaseguros,Expirada
POL-0009,ASEG-0125,Vehiculos,2024-06-21,2025-06-21,22000,Loja,619,550.0,Agente,Expirada
POL-0010,ASEG-0084,Vehiculos,2024-05-22,2025-05-22,22000,Riobamba,474,550.0,Bancaseguros,Expirada
POL-0011,ASEG-0160,Hogar,2024-03-05,2025-03-05,30000,Quito,821,600.0,Bancaseguros,Expirada
POL-0012,ASEG-0080,Hogar,2024-07-22,2025-07-22,40000,Cuenca,831,800.0,Digital,Expirada
POL-0013,ASEG-0018,Vehiculos,2024-01-07,2025-01-06,22000,Portoviejo,649,550.0,Digital,Expirada
POL-0014,ASEG-0083,Vehiculos,2024-05-22,2025-05-22,25000,Riobamba,535,625.0,Bancaseguros,Expirada
POL-0015,ASEG-0143,Salud,2024-04-07,2025-04-07,20000,Riobamba,428,300.0,Agente,Expirada
POL-0016,ASEG-0079,Vehiculos,2024-07-07,2025-07-07,25000,Guayaquil,644,625.0,Bancaseguros,Expirada
POL-0017,ASEG-0050,Hogar,2024-05-21,2025-05-21,40000,Loja,1050,800.0,Broker,Expirada
POL-0018,ASEG-0179,Vehiculos,2024-02-22,2025-02-21,8000,Riobamba,208,200.0,Broker,Expirada
POL-0019,ASEG-0039,Vehiculos,2024-06-04,2025-06-04,10000,Ambato,319,250.0,Broker,Expirada
POL-0020,ASEG-0146,Vehiculos,2024-11-08,2025-11-08,10000,Riobamba,313,250.0,Broker,Expirada
POL-0021,ASEG-0075,Salud,2024-05-27,2025-05-27,80000,Portoviejo,1757,1200.0,Digital,Expirada
POL-0022,ASEG-0037,Vehiculos,2024-03-25,2025-03-25,18000,Loja,474,450.0,Agente,Expirada
POL-0023,ASEG-0007,Vehiculos,2024-12-11,2025-12-11,30000,Manta,787,750.0,Digital,Expirada
POL-0024,ASEG-0024,Hogar,2024-07-28,2025-07-28,25000,Ambato,562,500.0,Broker,Expirada
POL-0025,ASEG-0083,Vehiculos,2024-09-20,2025-09-20,8000,Riobamba,218,200.0,Bancaseguros,Expirada
POL-0026,ASEG-0113,Salud,2024-01-15,2025-01-14,80000,Guayaquil,2122,1200.0,Broker,Expirada
POL-0027,ASEG-0184,Vehiculos,2024-12-27,2025-12-27,18000,Riobamba,429,450.0,Bancaseguros,Expirada
POL-0028,ASEG-0130,Vehiculos,2024-05-24,2025-05-24,18000,Ambato,535,450.0,Agente,Expirada
POL-0029,ASEG-0147,Vehiculos,2025-02-01,2026-02-01,22000,Loja,409,550.0,Broker,Expirada
POL-0030,ASEG-0004,Vehiculos,2024-07-28,2025-07-28,12000,Ibarra,229,300.0,Broker,Expirada
POL-0031,ASEG-0139,Vehiculos,2024-02-05,2025-02-04,15000,Cuenca,403,375.0,Broker,Expirada
POL-0032,ASEG-0111,Vehiculos,2024-09-28,2025-09-28,22000,Portoviejo,570,550.0,Broker,Expirada
POL-0033,ASEG-0118,Vehiculos,2024-08-26,2025-08-26,18000,Manta,495,450.0,Agente,Expirada
POL-0034,ASEG-0028,Vehiculos,2024-10-19,2025-10-19,20000,Loja,521,500.0,Broker,Expirada
POL-0035,ASEG-0156,Vehiculos,2024-11-21,2025-11-21,15000,Riobamba,400,375.0,Bancaseguros,Expirada
POL-0036,ASEG-0024,Vehiculos,2025-01-17,2026-01-17,22000,Ambato,450,550.0,Agente,Expirada
POL-0037,ASEG-0120,Hogar,2025-01-21,2026-01-21,20000,Esmeraldas,601,400.0,Digital,Expirada
POL-0038,ASEG-0028,Vehiculos,2024-08-29,2025-08-29,8000,Loja,213,200.0,Broker,Expirada
POL-0039,ASEG-0100,Vehiculos,2024-12-09,2025-12-09,28000,Cuenca,668,700.0,Broker,Expirada
POL-0040,ASEG-0061,Vehiculos,2024-12-17,2025-12-17,20000,Loja,512,500.0,Bancaseguros,Expirada
POL-0041,ASEG-0033,Hogar,2024-02-05,2025-02-04,50000,Riobamba,1436,1000.0,Agente,Expirada
POL-0042,ASEG-0029,Vehiculos,2024-03-08,2025-03-08,8000,Manta,184,200.0,Broker,Expirada
POL-0043,ASEG-0116,Vehiculos,2024-11-10,2025-11-10,8000,Portoviejo,225,200.0,Agente,Expirada
POL-0044,ASEG-0017,Vehiculos,2024-11-15,2025-11-15,30000,Manta,770,750.0,Agente,Expirada
POL-0045,ASEG-0087,Hogar,2024-07-31,2025-07-31,40000,Ambato,773,800.0,Bancaseguros,Expirada
POL-0046,ASEG-0034,Vehiculos,2024-10-27,2025-10-27,28000,Riobamba,724,700.0,Bancaseguros,Expirada
POL-0047,ASEG-0028,Vehiculos,2024-07-07,2025-07-07,10000,Loja,287,250.0,Digital,Expirada
POL-0048,ASEG-0180,Vehiculos,2024-06-28,2025-06-28,8000,Esmeraldas,164,200.0,Broker,Expirada
POL-0049,ASEG-0041,Vehiculos,2025-01-04,2026-01-04,20000,Cuenca,578,500.0,Broker,Expirada
POL-0050,ASEG-0070,Vehiculos,2024-02-28,2025-02-27,20000,Esmeraldas,480,500.0,Digital,Expirada
POL-0051,ASEG-0196,Vehiculos,2024-06-16,2025-06-16,10000,Ibarra,181,250.0,Bancaseguros,Expirada
POL-0052,ASEG-0005,Vehiculos,2024-06-09,2025-06-09,30000,Guayaquil,720,750.0,Bancaseguros,Expirada
POL-0053,ASEG-0063,Salud,2024-07-24,2025-07-24,60000,Ibarra,1146,900.0,Agente,Expirada
POL-0054,ASEG-0066,Vehiculos,2024-11-04,2025-11-04,12000,Riobamba,344,300.0,Bancaseguros,Expirada
POL-0055,ASEG-0039,Vehiculos,2024-08-28,2025-08-28,25000,Ambato,671,625.0,Agente,Expirada
POL-0056,ASEG-0119,Vehiculos,2025-01-13,2026-01-13,8000,Manta,194,200.0,Digital,Expirada
POL-0057,ASEG-0113,Vehiculos,2024-11-08,2025-11-08,12000,Guayaquil,277,300.0,Agente,Expirada
POL-0058,ASEG-0021,Vehiculos,2024-06-28,2025-06-28,18000,Manta,568,450.0,Digital,Expirada
POL-0059,ASEG-0131,Vehiculos,2024-07-04,2025-07-04,18000,Ibarra,369,450.0,Digital,Expirada
POL-0060,ASEG-0153,Hogar,2024-03-24,2025-03-24,20000,Esmeraldas,593,400.0,Digital,Expirada
POL-0061,ASEG-0137,Vehiculos,2024-08-28,2025-08-28,15000,Ibarra,347,375.0,Digital,Expirada
POL-0062,ASEG-0073,Hogar,2024-05-19,2025-05-19,30000,Quito,920,600.0,Bancaseguros,Expirada
POL-0063,ASEG-0061,Vehiculos,2024-07-10,2025-07-10,15000,Loja,276,375.0,Broker,Expirada
POL-0064,ASEG-0039,Vehiculos,2024-09-27,2025-09-27,22000,Ambato,430,550.0,Digital,Expirada
POL-0065,ASEG-0162,Vehiculos,2024-05-03,2025-05-03,12000,Portoviejo,265,300.0,Agente,Expirada
POL-0066,ASEG-0100,Vehiculos,2024-11-21,2025-11-21,22000,Cuenca,698,550.0,Broker,Expirada
POL-0067,ASEG-0165,Vehiculos,2024-12-22,2025-12-22,25000,Ibarra,671,625.0,Agente,Expirada
POL-0068,ASEG-0065,Vehiculos,2024-05-26,2025-05-26,20000,Portoviejo,601,500.0,Agente,Expirada
POL-0069,ASEG-0095,Hogar,2024-02-12,2025-02-11,40000,Ibarra,958,800.0,Agente,Expirada
POL-0070,ASEG-0115,Salud,2024-11-10,2025-11-10,50000,Cuenca,1092,750.0,Digital,Expirada
POL-0071,ASEG-0009,Vehiculos,2024-04-30,2025-04-30,20000,Ibarra,461,500.0,Broker,Expirada
POL-0072,ASEG-0064,Salud,2025-01-11,2026-01-11,30000,Guayaquil,750,450.0,Digital,Expirada
POL-0073,ASEG-0116,Vehiculos,2024-02-14,2025-02-13,20000,Portoviejo,547,500.0,Bancaseguros,Expirada
POL-0074,ASEG-0093,Vehiculos,2024-07-07,2025-07-07,25000,Ambato,731,625.0,Digital,Expirada
POL-0075,ASEG-0116,Hogar,2024-06-25,2025-06-25,20000,Portoviejo,606,400.0,Agente,Expirada
POL-0076,ASEG-0182,Hogar,2024-09-22,2025-09-22,25000,Manta,746,500.0,Bancaseguros,Expirada
POL-0077,ASEG-0145,Vehiculos,2024-02-11,2025-02-10,8000,Quito,250,200.0,Broker,Expirada
POL-0078,ASEG-0063,Vehiculos,2024-06-01,2025-06-01,25000,Ibarra,476,625.0,Digital,Expirada
POL-0079,ASEG-0132,Vehiculos,2024-06-12,2025-06-12,15000,Portoviejo,368,375.0,Bancaseguros,Expirada
POL-0080,ASEG-0049,Vehiculos,2024-09-20,2025-09-20,25000,Loja,625,625.0,Digital,Expirada
POL-0081,ASEG-0153,Vehiculos,2024-05-26,2025-05-26,28000,Esmeraldas,507,700.0,Digital,Expirada
POL-0082,ASEG-0099,Vehiculos,2025-01-26,2026-01-26,28000,Manta,614,700.0,Digital,Expirada
POL-0083,ASEG-0012,Salud,2024-12-31,2025-12-31,40000,Quito,1170,600.0,Agente,Expirada
POL-0084,ASEG-0130,Vehiculos,2024-09-07,2025-09-07,30000,Ambato,666,750.0,Agente,Expirada
POL-0085,ASEG-0038,Hogar,2024-10-20,2025-10-20,40000,Quito,782,800.0,Agente,Expirada
POL-0086,ASEG-0144,Hogar,2024-09-26,2025-09-26,30000,Guayaquil,672,600.0,Broker,Expirada
POL-0087,ASEG-0143,Vehiculos,2024-06-01,2025-06-01,18000,Riobamba,502,450.0,Digital,Expirada
POL-0088,ASEG-0198,Vehiculos,2024-01-22,2025-01-21,18000,Cuenca,565,450.0,Digital,Expirada
POL-0089,ASEG-0063,Hogar,2024-04-25,2025-04-25,40000,Ibarra,850,800.0,Digital,Expirada
POL-0090,ASEG-0167,Vehiculos,2024-06-13,2025-06-13,18000,Manta,487,450.0,Digital,Expirada
POL-0091,ASEG-0048,Vehiculos,2024-01-20,2025-01-19,8000,Ibarra,177,200.0,Broker,Expirada
POL-0092,ASEG-0042,Vehiculos,2024-11-27,2025-11-27,18000,Ibarra,505,450.0,Digital,Expirada
POL-0093,ASEG-0103,Vehiculos,2024-04-04,2025-04-04,12000,Riobamba,296,300.0,Broker,Expirada
POL-0094,ASEG-0171,Vehiculos,2024-06-06,2025-06-06,12000,Riobamba,284,300.0,Bancaseguros,Expirada
POL-0095,ASEG-0192,Vehiculos,2024-07-31,2025-07-31,28000,Cuenca,862,700.0,Agente,Expirada
POL-0096,ASEG-0147,Vehiculos,2024-03-25,2025-03-25,20000,Loja,599,500.0,Agente,Expirada
POL-0097,ASEG-0145,Vehiculos,2024-08-24,2025-08-24,18000,Quito,506,450.0,Broker,Expirada
POL-0098,ASEG-0105,Hogar,2025-01-27,2026-01-27,40000,Portoviejo,1268,800.0,Agente,Expirada
POL-0099,ASEG-0046,Hogar,2024-09-27,2025-09-27,20000,Loja,564,400.0,Agente,Expirada
POL-0100,ASEG-0040,Vehiculos,2025-01-06,2026-01-06,10000,Cuenca,185,250.0,Broker,Expirada
POL-0101,ASEG-0113,Vehiculos,2024-04-21,2025-04-21,8000,Guayaquil,160,200.0,Broker,Expirada
POL-0102,ASEG-0143,Hogar,2024-06-25,2025-06-25,40000,Riobamba,1096,800.0,Bancaseguros,Expirada
POL-0103,ASEG-0182,Vehiculos,2024-01-30,2025-01-29,28000,Manta,666,700.0,Agente,Expirada
POL-0104,ASEG-0014,Hogar,2024-12-10,2025-12-10,35000,Quito,925,700.0,Agente,Expirada
POL-0105,ASEG-0102,Vehiculos,2024-06-13,2025-06-13,18000,Cuenca,420,450.0,Digital,Expirada
POL-0106,ASEG-0106,Vehiculos,2024-04-23,2025-04-23,12000,Quito,219,300.0,Digital,Expirada
POL-0107,ASEG-0118,Vehiculos,2024-03-27,2025-03-27,12000,Manta,337,300.0,Bancaseguros,Expirada
POL-0108,ASEG-0018,Hogar,2024-04-21,2025-04-21,35000,Portoviejo,853,700.0,Broker,Expirada
POL-0109,ASEG-0046,Vehiculos,2024-09-25,2025-09-25,12000,Loja,256,300.0,Broker,Expirada
POL-0110,ASEG-0024,Vehiculos,2024-07-12,2025-07-12,28000,Ambato,691,700.0,Agente,Expirada
POL-0111,ASEG-0070,Vehiculos,2024-12-16,2025-12-16,18000,Esmeraldas,551,450.0,Broker,Expirada
POL-0112,ASEG-0042,Hogar,2024-10-17,2025-10-17,50000,Ibarra,1495,1000.0,Broker,Expirada
POL-0113,ASEG-0008,Vehiculos,2024-08-18,2025-08-18,25000,Cuenca,530,625.0,Bancaseguros,Expirada
POL-0114,ASEG-0183,Vehiculos,2025-01-13,2026-01-13,22000,Guayaquil,494,550.0,Digital,Expirada
POL-0115,ASEG-0027,Vehiculos,2024-06-30,2025-06-30,28000,Ambato,540,700.0,Digital,Expirada
POL-0116,ASEG-0036,Salud,2024-05-17,2025-05-17,50000,Esmeraldas,1002,750.0,Digital,Expirada
POL-0117,ASEG-0028,Hogar,2024-01-04,2025-01-03,30000,Loja,680,600.0,Bancaseguros,Expirada
POL-0118,ASEG-0082,Vehiculos,2024-10-21,2025-10-21,15000,Manta,338,375.0,Agente,Expirada
POL-0119,ASEG-0075,Vehiculos,2024-07-28,2025-07-28,25000,Portoviejo,499,625.0,Bancaseguros,Expirada
POL-0120,ASEG-0140,Vehiculos,2024-12-25,2025-12-25,28000,Portoviejo,737,700.0,Agente,Expirada
POL-0121,ASEG-0003,Vehiculos,2024-04-23,2025-04-23,28000,Riobamba,797,700.0,Bancaseguros,Expirada
POL-0122,ASEG-0076,Vehiculos,2024-02-29,2025-02-28,12000,Ambato,275,300.0,Bancaseguros,Expirada
POL-0123,ASEG-0006,Salud,2024-12-12,2025-12-12,30000,Ibarra,931,450.0,Agente,Expirada
POL-0124,ASEG-0008,Vehiculos,2024-04-11,2025-04-11,25000,Cuenca,657,625.0,Broker,Expirada
POL-0125,ASEG-0030,Vehiculos,2024-09-27,2025-09-27,20000,Guayaquil,527,500.0,Digital,Expirada
POL-0126,ASEG-0031,Hogar,2024-02-29,2025-02-28,20000,Ambato,465,400.0,Broker,Expirada
POL-0127,ASEG-0036,Vehiculos,2024-08-18,2025-08-18,30000,Esmeraldas,563,750.0,Digital,Expirada
POL-0128,ASEG-0182,Vehiculos,2024-03-26,2025-03-26,10000,Manta,259,250.0,Agente,Expirada
POL-0129,ASEG-0147,Vehiculos,2025-01-31,2026-01-31,28000,Loja,827,700.0,Agente,Expirada
POL-0130,ASEG-0090,Vehiculos,2024-03-01,2025-03-01,15000,Ibarra,314,375.0,Broker,Expirada
POL-0131,ASEG-0153,Vehiculos,2024-06-14,2025-06-14,18000,Esmeraldas,397,450.0,Bancaseguros,Expirada
POL-0132,ASEG-0064,Vehiculos,2024-05-06,2025-05-06,22000,Guayaquil,547,550.0,Bancaseguros,Expirada
POL-0133,ASEG-0178,Vehiculos,2024-09-06,2025-09-06,20000,Ibarra,523,500.0,Agente,Expirada
POL-0134,ASEG-0073,Salud,2024-10-22,2025-10-22,30000,Quito,778,450.0,Broker,Expirada
POL-0135,ASEG-0001,Vehiculos,2024-12-18,2025-12-18,12000,Manta,364,300.0,Bancaseguros,Expirada
POL-0136,ASEG-0186,Vehiculos,2024-08-07,2025-08-07,10000,Guayaquil,279,250.0,Bancaseguros,Expirada
POL-0137,ASEG-0123,Vehiculos,2024-07-15,2025-07-15,10000,Loja,282,250.0,Bancaseguros,Expirada
POL-0138,ASEG-0113,Vehiculos,2024-11-17,2025-11-17,12000,Guayaquil,371,300.0,Bancaseguros,Expirada
POL-0139,ASEG-0071,Hogar,2024-10-10,2025-10-10,35000,Esmeraldas,924,700.0,Digital,Expirada
POL-0140,ASEG-0127,Salud,2024-05-03,2025-05-03,50000,Manta,1347,750.0,Broker,Expirada
POL-0141,ASEG-0198,Vehiculos,2024-10-27,2025-10-27,10000,Cuenca,182,250.0,Broker,Expirada
POL-0142,ASEG-0022,Salud,2024-09-18,2025-09-18,30000,Ambato,949,450.0,Agente,Expirada
POL-0143,ASEG-0063,Vehiculos,2024-02-29,2025-02-28,25000,Ibarra,664,625.0,Broker,Expirada
POL-0144,ASEG-0198,Vehiculos,2024-08-07,2025-08-07,18000,Cuenca,456,450.0,Broker,Expirada
POL-0145,ASEG-0059,Vehiculos,2024-01-02,2025-01-01,8000,Ibarra,240,200.0,Agente,Expirada
POL-0146,ASEG-0107,Vehiculos,2024-05-18,2025-05-18,10000,Manta,260,250.0,Bancaseguros,Expirada
POL-0147,ASEG-0023,Hogar,2024-01-05,2025-01-04,25000,Ambato,520,500.0,Digital,Expirada
POL-0148,ASEG-0002,Vehiculos,2024-04-29,2025-04-29,28000,Cuenca,640,700.0,Digital,Expirada
POL-0149,ASEG-0024,Vehiculos,2024-09-23,2025-09-23,22000,Ambato,612,550.0,Broker,Expirada
POL-0150,ASEG-0081,Salud,2024-06-11,2025-06-11,50000,Portoviejo,1090,750.0,Digital,Expirada
POL-0151,ASEG-0198,Vehiculos,2024-06-06,2025-06-06,25000,Cuenca,543,625.0,Digital,Expirada
POL-0152,ASEG-0174,Vehiculos,2024-03-30,2025-03-30,8000,Portoviejo,251,200.0,Agente,Expirada
POL-0153,ASEG-0020,Hogar,2024-04-11,2025-04-11,40000,Ibarra,968,800.0,Broker,Expirada
POL-0154,ASEG-0045,Vehiculos,2024-04-05,2025-04-05,18000,Loja,395,450.0,Broker,Expirada
POL-0155,ASEG-0162,Vehiculos,2024-07-14,2025-07-14,20000,Portoviejo,494,500.0,Agente,Expirada
POL-0156,ASEG-0121,Salud,2025-01-27,2026-01-27,60000,Ibarra,1920,900.0,Broker,Expirada
POL-0157,ASEG-0045,Vehiculos,2024-10-30,2025-10-30,20000,Loja,586,500.0,Digital,Expirada
POL-0158,ASEG-0126,Vehiculos,2024-01-29,2025-01-28,15000,Ibarra,396,375.0,Agente,Expirada
POL-0159,ASEG-0151,Salud,2024-09-26,2025-09-26,40000,Quito,1258,600.0,Broker,Expirada
POL-0160,ASEG-0182,Vehiculos,2024-07-01,2025-07-01,15000,Manta,410,375.0,Digital,Expirada
POL-0161,ASEG-0164,Vehiculos,2024-09-11,2025-09-11,12000,Guayaquil,272,300.0,Broker,Expirada
POL-0162,ASEG-0064,Vehiculos,2024-06-28,2025-06-28,18000,Guayaquil,522,450.0,Digital,Expirada
POL-0163,ASEG-0123,Vehiculos,2024-03-24,2025-03-24,25000,Loja,476,625.0,Agente,Expirada
POL-0164,ASEG-0181,Vehiculos,2024-11-30,2025-11-30,12000,Quito,318,300.0,Broker,Expirada
POL-0165,ASEG-0013,Vehiculos,2024-10-08,2025-10-08,25000,Ibarra,504,625.0,Broker,Expirada
POL-0166,ASEG-0021,Vehiculos,2024-06-06,2025-06-06,22000,Manta,541,550.0,Agente,Expirada
POL-0167,ASEG-0145,Vehiculos,2025-01-20,2026-01-20,10000,Quito,192,250.0,Agente,Expirada
POL-0168,ASEG-0102,Vehiculos,2024-09-14,2025-09-14,30000,Cuenca,918,750.0,Digital,Expirada
POL-0169,ASEG-0153,Hogar,2025-01-07,2026-01-07,50000,Esmeraldas,947,1000.0,Digital,Expirada
POL-0170,ASEG-0146,Hogar,2025-01-23,2026-01-23,15000,Riobamba,464,300.0,Digital,Expirada
POL-0171,ASEG-0104,Vehiculos,2024-11-07,2025-11-07,22000,Loja,408,550.0,Agente,Expirada
POL-0172,ASEG-0059,Vehiculos,2025-01-15,2026-01-15,25000,Ibarra,721,625.0,Digital,Expirada
POL-0173,ASEG-0017,Hogar,2024-07-25,2025-07-25,20000,Manta,579,400.0,Broker,Expirada
POL-0174,ASEG-0071,Vehiculos,2024-09-15,2025-09-15,22000,Esmeraldas,592,550.0,Bancaseguros,Expirada
POL-0175,ASEG-0073,Vehiculos,2024-01-26,2025-01-25,12000,Quito,359,300.0,Digital,Expirada
POL-0176,ASEG-0154,Vehiculos,2024-05-09,2025-05-09,30000,Guayaquil,878,750.0,Digital,Expirada
POL-0177,ASEG-0131,Vehiculos,2024-10-14,2025-10-14,30000,Ibarra,796,750.0,Agente,Expirada
POL-0178,ASEG-0015,Vehiculos,2024-12-04,2025-12-04,20000,Loja,551,500.0,Agente,Expirada
POL-0179,ASEG-0176,Hogar,2024-12-09,2025-12-09,25000,Portoviejo,628,500.0,Digital,Expirada
POL-0180,ASEG-0108,Salud,2024-05-13,2025-05-13,60000,Cuenca,1327,900.0,Broker,Expirada
POL-0181,ASEG-0036,Vehiculos,2024-07-28,2025-07-28,30000,Esmeraldas,915,750.0,Digital,Expirada
POL-0182,ASEG-0195,Vehiculos,2025-01-26,2026-01-26,12000,Esmeraldas,298,300.0,Broker,Expirada
POL-0183,ASEG-0004,Vehiculos,2024-04-07,2025-04-07,8000,Ibarra,220,200.0,Digital,Expirada
POL-0184,ASEG-0075,Salud,2024-11-01,2025-11-01,60000,Portoviejo,1364,900.0,Agente,Expirada
POL-0185,ASEG-0032,Hogar,2024-07-11,2025-07-11,40000,Riobamba,863,800.0,Agente,Expirada
POL-0186,ASEG-0141,Vehiculos,2024-12-25,2025-12-25,12000,Guayaquil,251,300.0,Bancaseguros,Expirada
POL-0187,ASEG-0073,Vehiculos,2024-09-11,2025-09-11,15000,Quito,398,375.0,Digital,Expirada
POL-0188,ASEG-0004,Salud,2024-10-20,2025-10-20,80000,Ibarra,1993,1200.0,Broker,Expirada
POL-0189,ASEG-0093,Vehiculos,2024-08-06,2025-08-06,10000,Ambato,193,250.0,Bancaseguros,Expirada
POL-0190,ASEG-0096,Vehiculos,2024-02-28,2025-02-27,22000,Esmeraldas,519,550.0,Broker,Expirada
POL-0191,ASEG-0027,Vehiculos,2024-09-04,2025-09-04,30000,Ambato,825,750.0,Digital,Expirada
POL-0192,ASEG-0113,Vehiculos,2024-05-13,2025-05-13,20000,Guayaquil,363,500.0,Digital,Expirada
POL-0193,ASEG-0143,Vehiculos,2024-01-06,2025-01-05,12000,Riobamba,301,300.0,Broker,Expirada
POL-0194,ASEG-0118,Salud,2024-08-17,2025-08-17,20000,Manta,600,300.0,Bancaseguros,Expirada
POL-0195,ASEG-0168,Vehiculos,2024-06-23,2025-06-23,20000,Guayaquil,591,500.0,Broker,Expirada
POL-0196,ASEG-0141,Vehiculos,2024-12-25,2025-12-25,10000,Guayaquil,186,250.0,Bancaseguros,Expirada
POL-0197,ASEG-0184,Vehiculos,2025-01-22,2026-01-22,22000,Riobamba,410,550.0,Broker,Expirada
POL-0198,ASEG-0131,Vehiculos,2024-03-29,2025-03-29,12000,Ibarra,233,300.0,Bancaseguros,Expirada
POL-0199,ASEG-0106,Vehiculos,2024-06-02,2025-06-02,28000,Quito,841,700.0,Digital,Expirada
POL-0200,ASEG-0182,Hogar,2024-10-14,2025-10-14,30000,Manta,785,600.0,Broker,Expirada
POL-0201,ASEG-0038,Vehiculos,2024-04-14,2025-04-14,28000,Quito,517,700.0,Bancaseguros,Expirada
POL-0202,ASEG-0176,Vehiculos,2024-01-28,2025-01-27,8000,Portoviejo,227,200.0,Agente,Expirada
POL-0203,ASEG-0175,Hogar,2024-03-29,2025-03-29,40000,Quito,1008,800.0,Bancaseguros,Expirada
POL-0204,ASEG-0040,Salud,2024-01-27,2025-01-26,80000,Cuenca,2129,1200.0,Broker,Expirada
POL-0205,ASEG-0140,Vehiculos,2024-02-17,2025-02-16,20000,Portoviejo,422,500.0,Bancaseguros,Expirada
POL-0206,ASEG-0062,Salud,2024-05-04,2025-05-04,20000,Manta,551,300.0,Broker,Expirada
POL-0207,ASEG-0012,Vehiculos,2024-06-13,2025-06-13,28000,Quito,536,700.0,Broker,Expirada
POL-0208,ASEG-0192,Vehiculos,2024-01-13,2025-01-12,25000,Cuenca,701,625.0,Broker,Expirada
POL-0209,ASEG-0111,Vehiculos,2024-07-18,2025-07-18,10000,Portoviejo,255,250.0,Bancaseguros,Expirada
POL-0210,ASEG-0073,Vehiculos,2024-07-21,2025-07-21,8000,Quito,197,200.0,Broker,Expirada
POL-0211,ASEG-0032,Hogar,2024-10-20,2025-10-20,35000,Riobamba,823,700.0,Digital,Expirada
POL-0212,ASEG-0050,Hogar,2024-12-09,2025-12-09,50000,Loja,1297,1000.0,Agente,Expirada
POL-0213,ASEG-0026,Salud,2024-02-05,2025-02-04,30000,Portoviejo,673,450.0,Digital,Expirada
POL-0214,ASEG-0057,Vehiculos,2024-05-21,2025-05-21,20000,Riobamba,398,500.0,Broker,Expirada
POL-0215,ASEG-0138,Salud,2025-01-10,2026-01-10,80000,Loja,1526,1200.0,Broker,Expirada
POL-0216,ASEG-0168,Hogar,2024-07-19,2025-07-19,20000,Guayaquil,610,400.0,Bancaseguros,Expirada
POL-0217,ASEG-0115,Vehiculos,2024-10-16,2025-10-16,30000,Cuenca,817,750.0,Broker,Expirada
POL-0218,ASEG-0167,Salud,2024-12-26,2025-12-26,60000,Manta,1612,900.0,Agente,Expirada
POL-0219,ASEG-0133,Salud,2024-06-25,2025-06-25,50000,Ibarra,1455,750.0,Broker,Expirada
POL-0220,ASEG-0107,Vehiculos,2024-09-03,2025-09-03,25000,Manta,618,625.0,Agente,Expirada
POL-0221,ASEG-0047,Vehiculos,2024-11-02,2025-11-02,30000,Cuenca,808,750.0,Bancaseguros,Expirada
POL-0222,ASEG-0043,Salud,2024-11-01,2025-11-01,60000,Riobamba,1138,900.0,Broker,Expirada
POL-0223,ASEG-0158,Vehiculos,2024-09-29,2025-09-29,28000,Ambato,799,700.0,Bancaseguros,Expirada
POL-0224,ASEG-0059,Hogar,2024-06-28,2025-06-28,35000,Ibarra,1024,700.0,Bancaseguros,Expirada
POL-0225,ASEG-0182,Vehiculos,2024-10-22,2025-10-22,28000,Manta,550,700.0,Agente,Expirada
POL-0226,ASEG-0194,Salud,2024-10-09,2025-10-09,60000,Cuenca,1485,900.0,Broker,Expirada
POL-0227,ASEG-0180,Vehiculos,2024-04-19,2025-04-19,28000,Esmeraldas,661,700.0,Agente,Expirada
POL-0228,ASEG-0057,Vehiculos,2024-11-07,2025-11-07,8000,Riobamba,225,200.0,Agente,Expirada
POL-0229,ASEG-0173,Vehiculos,2024-05-02,2025-05-02,8000,Quito,253,200.0,Bancaseguros,Expirada
POL-0230,ASEG-0089,Salud,2024-11-06,2025-11-06,30000,Riobamba,731,450.0,Bancaseguros,Expirada
POL-0231,ASEG-0178,Salud,2024-10-15,2025-10-15,50000,Ibarra,1439,750.0,Agente,Expirada
POL-0232,ASEG-0106,Hogar,2024-10-01,2025-10-01,15000,Quito,417,300.0,Agente,Expirada
POL-0233,ASEG-0147,Vehiculos,2025-01-17,2026-01-17,15000,Loja,375,375.0,Agente,Expirada
POL-0234,ASEG-0124,Hogar,2024-06-10,2025-06-10,30000,Ambato,917,600.0,Agente,Expirada
POL-0235,ASEG-0101,Vehiculos,2024-08-22,2025-08-22,10000,Ibarra,278,250.0,Broker,Expirada
POL-0236,ASEG-0069,Hogar,2024-06-24,2025-06-24,25000,Ibarra,514,500.0,Broker,Expirada
POL-0237,ASEG-0143,Vehiculos,2024-04-10,2025-04-10,12000,Riobamba,350,300.0,Agente,Expirada
POL-0238,ASEG-0065,Salud,2024-01-25,2025-01-24,50000,Portoviejo,969,750.0,Digital,Expirada
POL-0239,ASEG-0006,Vehiculos,2024-06-28,2025-06-28,30000,Ibarra,624,750.0,Broker,Expirada
POL-0240,ASEG-0162,Vehiculos,2024-11-23,2025-11-23,20000,Portoviejo,478,500.0,Agente,Expirada
POL-0241,ASEG-0070,Hogar,2025-01-17,2026-01-17,35000,Esmeraldas,885,700.0,Agente,Expirada
POL-0242,ASEG-0025,Vehiculos,2024-10-07,2025-10-07,8000,Loja,147,200.0,Agente,Expirada
POL-0243,ASEG-0161,Vehiculos,2024-09-26,2025-09-26,12000,Ibarra,221,300.0,Digital,Expirada
POL-0244,ASEG-0162,Vehiculos,2024-08-10,2025-08-10,28000,Portoviejo,755,700.0,Agente,Expirada
POL-0245,ASEG-0074,Vehiculos,2024-01-05,2025-01-04,25000,Cuenca,781,625.0,Broker,Expirada
POL-0246,ASEG-0064,Vehiculos,2024-07-12,2025-07-12,15000,Guayaquil,325,375.0,Broker,Expirada
POL-0247,ASEG-0180,Vehiculos,2024-04-06,2025-04-06,20000,Esmeraldas,365,500.0,Bancaseguros,Expirada
POL-0248,ASEG-0127,Salud,2024-08-03,2025-08-03,40000,Manta,1160,600.0,Bancaseguros,Expirada
POL-0249,ASEG-0140,Vehiculos,2024-04-08,2025-04-08,18000,Portoviejo,530,450.0,Broker,Expirada
POL-0250,ASEG-0122,Vehiculos,2024-06-14,2025-06-14,12000,Guayaquil,322,300.0,Digital,Expirada
POL-0251,ASEG-0084,Vehiculos,2024-05-21,2025-05-21,30000,Riobamba,590,750.0,Digital,Expirada
POL-0252,ASEG-0016,Hogar,2024-12-25,2025-12-25,35000,Manta,1018,700.0,Bancaseguros,Expirada
POL-0253,ASEG-0092,Salud,2024-01-21,2025-01-20,50000,Ambato,1395,750.0,Broker,Expirada
POL-0254,ASEG-0116,Salud,2024-10-04,2025-10-04,40000,Portoviejo,974,600.0,Broker,Expirada
POL-0255,ASEG-0135,Salud,2024-03-19,2025-03-19,60000,Ambato,1318,900.0,Agente,Expirada
POL-0256,ASEG-0050,Vehiculos,2024-10-19,2025-10-19,22000,Loja,599,550.0,Digital,Expirada
POL-0257,ASEG-0093,Vehiculos,2024-07-07,2025-07-07,8000,Ambato,236,200.0,Agente,Expirada
POL-0258,ASEG-0049,Salud,2024-12-02,2025-12-02,30000,Loja,779,450.0,Agente,Expirada
POL-0259,ASEG-0169,Vehiculos,2024-11-03,2025-11-03,25000,Loja,777,625.0,Agente,Expirada
POL-0260,ASEG-0115,Vehiculos,2025-01-06,2026-01-06,8000,Cuenca,254,200.0,Agente,Expirada
POL-0261,ASEG-0025,Vehiculos,2024-07-01,2025-07-01,12000,Loja,239,300.0,Digital,Expirada
POL-0262,ASEG-0045,Hogar,2024-02-18,2025-02-17,35000,Loja,945,700.0,Agente,Expirada
POL-0263,ASEG-0163,Vehiculos,2024-01-28,2025-01-27,18000,Guayaquil,456,450.0,Bancaseguros,Expirada
POL-0264,ASEG-0057,Vehiculos,2024-07-20,2025-07-20,12000,Riobamba,238,300.0,Broker,Expirada
POL-0265,ASEG-0125,Vehiculos,2024-04-10,2025-04-10,28000,Loja,745,700.0,Agente,Expirada
POL-0266,ASEG-0094,Hogar,2024-06-13,2025-06-13,25000,Manta,658,500.0,Broker,Expirada
POL-0267,ASEG-0176,Salud,2025-01-22,2026-01-22,80000,Portoviejo,2395,1200.0,Agente,Expirada
POL-0268,ASEG-0116,Hogar,2024-06-18,2025-06-18,20000,Portoviejo,567,400.0,Broker,Expirada
POL-0269,ASEG-0179,Hogar,2024-01-28,2025-01-27,30000,Riobamba,815,600.0,Bancaseguros,Expirada
POL-0270,ASEG-0098,Vehiculos,2024-06-10,2025-06-10,25000,Ambato,753,625.0,Bancaseguros,Expirada
POL-0271,ASEG-0191,Vehiculos,2024-06-26,2025-06-26,20000,Esmeraldas,460,500.0,Broker,Expirada
POL-0272,ASEG-0101,Vehiculos,2024-02-14,2025-02-13,22000,Ibarra,556,550.0,Digital,Expirada
POL-0273,ASEG-0168,Vehiculos,2024-10-04,2025-10-04,15000,Guayaquil,451,375.0,Digital,Expirada
POL-0274,ASEG-0048,Hogar,2025-01-07,2026-01-07,15000,Ibarra,431,300.0,Broker,Expirada
POL-0275,ASEG-0060,Vehiculos,2024-07-02,2025-07-02,10000,Manta,276,250.0,Bancaseguros,Expirada
POL-0276,ASEG-0009,Vehiculos,2024-05-18,2025-05-18,22000,Ibarra,465,550.0,Agente,Expirada
POL-0277,ASEG-0110,Vehiculos,2024-11-07,2025-11-07,22000,Cuenca,618,550.0,Bancaseguros,Expirada
POL-0278,ASEG-0189,Vehiculos,2024-07-17,2025-07-17,28000,Riobamba,804,700.0,Broker,Expirada
POL-0279,ASEG-0185,Vehiculos,2024-04-02,2025-04-02,30000,Ambato,934,750.0,Agente,Expirada
POL-0280,ASEG-0065,Hogar,2025-01-02,2026-01-02,40000,Portoviejo,789,800.0,Broker,Expirada
POL-0281,ASEG-0197,Vehiculos,2024-10-16,2025-10-16,12000,Loja,243,300.0,Agente,Expirada
POL-0282,ASEG-0160,Vehiculos,2024-08-22,2025-08-22,25000,Quito,749,625.0,Digital,Expirada
POL-0283,ASEG-0141,Vehiculos,2024-11-17,2025-11-17,28000,Guayaquil,825,700.0,Digital,Expirada
POL-0284,ASEG-0107,Hogar,2024-12-10,2025-12-10,25000,Manta,664,500.0,Agente,Expirada
POL-0285,ASEG-0075,Vehiculos,2024-03-03,2025-03-03,18000,Portoviejo,407,450.0,Digital,Expirada
POL-0286,ASEG-0110,Vehiculos,2024-05-12,2025-05-12,28000,Cuenca,729,700.0,Agente,Expirada
POL-0287,ASEG-0001,Hogar,2024-08-26,2025-08-26,40000,Manta,1166,800.0,Digital,Expirada
POL-0288,ASEG-0066,Vehiculos,2024-06-02,2025-06-02,28000,Riobamba,720,700.0,Agente,Expirada
POL-0289,ASEG-0173,Vehiculos,2024-01-19,2025-01-18,12000,Quito,297,300.0,Agente,Expirada
POL-0290,ASEG-0091,Vehiculos,2024-05-23,2025-05-23,8000,Manta,182,200.0,Broker,Expirada
POL-0291,ASEG-0106,Vehiculos,2024-05-01,2025-05-01,20000,Quito,487,500.0,Broker,Expirada
POL-0292,ASEG-0124,Vehiculos,2024-06-07,2025-06-07,20000,Ambato,400,500.0,Bancaseguros,Expirada
POL-0293,ASEG-0086,Vehiculos,2024-02-22,2025-02-21,28000,Portoviejo,804,700.0,Digital,Expirada
POL-0294,ASEG-0070,Hogar,2024-05-20,2025-05-20,15000,Esmeraldas,273,300.0,Broker,Expirada
POL-0295,ASEG-0157,Vehiculos,2024-08-15,2025-08-15,8000,Cuenca,159,200.0,Bancaseguros,Expirada
POL-0296,ASEG-0183,Vehiculos,2024-02-10,2025-02-09,25000,Guayaquil,649,625.0,Broker,Expirada
POL-0297,ASEG-0094,Hogar,2024-12-24,2025-12-24,40000,Manta,905,800.0,Digital,Expirada
POL-0298,ASEG-0183,Hogar,2024-10-11,2025-10-11,40000,Guayaquil,760,800.0,Digital,Expirada
POL-0299,ASEG-0178,Vehiculos,2024-08-10,2025-08-10,30000,Ibarra,871,750.0,Digital,Expirada
POL-0300,ASEG-0084,Vehiculos,2024-08-15,2025-08-15,12000,Riobamba,268,300.0,Agente,Expirada
POL-0301,ASEG-0097,Vehiculos,2024-08-19,2025-08-19,28000,Loja,618,700.0,Digital,Expirada
POL-0302,ASEG-0012,Vehiculos,2024-11-09,2025-11-09,28000,Quito,662,700.0,Bancaseguros,Expirada
POL-0303,ASEG-0056,Hogar,2024-11-16,2025-11-16,25000,Ambato,699,500.0,Digital,Expirada
POL-0304,ASEG-0018,Vehiculos,2024-11-27,2025-11-27,8000,Portoviejo,160,200.0,Digital,Expirada
POL-0305,ASEG-0074,Vehiculos,2024-12-30,2025-12-30,28000,Cuenca,610,700.0,Agente,Expirada
POL-0306,ASEG-0067,Vehiculos,2024-11-08,2025-11-08,10000,Riobamba,214,250.0,Agente,Expirada
POL-0307,ASEG-0074,Vehiculos,2024-08-03,2025-08-03,20000,Cuenca,629,500.0,Broker,Expirada
POL-0308,ASEG-0095,Vehiculos,2024-05-26,2025-05-26,25000,Ibarra,479,625.0,Broker,Expirada
POL-0309,ASEG-0085,Vehiculos,2024-03-30,2025-03-30,18000,Loja,521,450.0,Digital,Expirada
POL-0310,ASEG-0031,Vehiculos,2025-01-06,2026-01-06,12000,Ambato,251,300.0,Broker,Expirada
POL-0311,ASEG-0061,Vehiculos,2024-09-28,2025-09-28,22000,Loja,400,550.0,Bancaseguros,Expirada
POL-0312,ASEG-0013,Vehiculos,2024-07-19,2025-07-19,25000,Ibarra,721,625.0,Bancaseguros,Expirada
POL-0313,ASEG-0053,Vehiculos,2024-02-23,2025-02-22,25000,Ambato,573,625.0,Bancaseguros,Expirada
POL-0314,ASEG-0078,Vehiculos,2024-12-02,2025-12-02,30000,Cuenca,877,750.0,Agente,Expirada
POL-0315,ASEG-0033,Salud,2024-05-21,2025-05-21,20000,Riobamba,467,300.0,Agente,Expirada
POL-0316,ASEG-0014,Hogar,2025-01-28,2026-01-28,30000,Quito,632,600.0,Bancaseguros,Expirada
POL-0317,ASEG-0084,Vehiculos,2024-01-20,2025-01-19,22000,Riobamba,478,550.0,Digital,Expirada
POL-0318,ASEG-0050,Vehiculos,2024-03-03,2025-03-03,30000,Loja,765,750.0,Broker,Expirada
POL-0319,ASEG-0085,Vehiculos,2024-12-22,2025-12-22,22000,Loja,672,550.0,Agente,Expirada
POL-0320,ASEG-0070,Vehiculos,2024-09-12,2025-09-12,28000,Esmeraldas,882,700.0,Digital,Expirada
POL-0321,ASEG-0095,Vehiculos,2024-02-06,2025-02-05,8000,Ibarra,226,200.0,Broker,Expirada
POL-0322,ASEG-0013,Vehiculos,2024-03-28,2025-03-28,30000,Ibarra,567,750.0,Broker,Expirada
POL-0323,ASEG-0042,Hogar,2024-10-30,2025-10-30,20000,Ibarra,454,400.0,Bancaseguros,Expirada
POL-0324,ASEG-0100,Vehiculos,2024-09-06,2025-09-06,10000,Cuenca,181,250.0,Digital,Expirada
POL-0325,ASEG-0077,Salud,2024-11-09,2025-11-09,20000,Portoviejo,536,300.0,Digital,Expirada
POL-0326,ASEG-0099,Vehiculos,2024-05-21,2025-05-21,8000,Manta,166,200.0,Bancaseguros,Expirada
POL-0327,ASEG-0014,Vehiculos,2024-10-02,2025-10-02,12000,Quito,243,300.0,Bancaseguros,Expirada
POL-0328,ASEG-0030,Hogar,2024-04-26,2025-04-26,15000,Guayaquil,320,300.0,Bancaseguros,Expirada
POL-0329,ASEG-0023,Salud,2024-03-10,2025-03-10,50000,Ambato,1404,750.0,Bancaseguros,Expirada
POL-0330,ASEG-0029,Salud,2024-03-21,2025-03-21,80000,Manta,2507,1200.0,Digital,Expirada
POL-0331,ASEG-0075,Vehiculos,2024-03-17,2025-03-17,30000,Portoviejo,917,750.0,Broker,Expirada
POL-0332,ASEG-0011,Hogar,2024-12-20,2025-12-20,40000,Guayaquil,948,800.0,Broker,Expirada
POL-0333,ASEG-0060,Salud,2024-04-04,2025-04-04,40000,Manta,1071,600.0,Bancaseguros,Expirada
POL-0334,ASEG-0088,Vehiculos,2024-06-20,2025-06-20,8000,Esmeraldas,202,200.0,Bancaseguros,Expirada
POL-0335,ASEG-0070,Vehiculos,2025-01-12,2026-01-12,30000,Esmeraldas,906,750.0,Bancaseguros,Expirada
POL-0336,ASEG-0080,Vehiculos,2024-04-06,2025-04-06,25000,Cuenca,481,625.0,Bancaseguros,Expirada
POL-0337,ASEG-0038,Vehiculos,2024-03-08,2025-03-08,25000,Quito,571,625.0,Broker,Expirada
POL-0338,ASEG-0063,Vehiculos,2024-10-07,2025-10-07,25000,Ibarra,610,625.0,Bancaseguros,Expirada
POL-0339,ASEG-0080,Vehiculos,2024-05-26,2025-05-26,12000,Cuenca,379,300.0,Agente,Expirada
POL-0340,ASEG-0045,Hogar,2024-08-17,2025-08-17,35000,Loja,1108,700.0,Bancaseguros,Expirada
POL-0341,ASEG-0061,Vehiculos,2024-12-07,2025-12-07,12000,Loja,350,300.0,Broker,Expirada
POL-0342,ASEG-0042,Vehiculos,2024-11-24,2025-11-24,15000,Ibarra,393,375.0,Agente,Expirada
POL-0343,ASEG-0078,Vehiculos,2024-01-29,2025-01-28,20000,Cuenca,471,500.0,Broker,Expirada
POL-0344,ASEG-0095,Vehiculos,2024-05-27,2025-05-27,12000,Ibarra,351,300.0,Digital,Expirada
POL-0345,ASEG-0001,Salud,2024-07-31,2025-07-31,30000,Manta,773,450.0,Agente,Expirada
POL-0346,ASEG-0004,Salud,2024-05-14,2025-05-14,40000,Ibarra,1255,600.0,Broker,Expirada
POL-0347,ASEG-0075,Hogar,2024-08-11,2025-08-11,50000,Portoviejo,1081,1000.0,Agente,Expirada
POL-0348,ASEG-0046,Vehiculos,2024-05-19,2025-05-19,20000,Loja,477,500.0,Digital,Expirada
POL-0349,ASEG-0035,Vehiculos,2024-02-19,2025-02-18,28000,Loja,731,700.0,Bancaseguros,Expirada
POL-0350,ASEG-0054,Vehiculos,2024-02-29,2025-02-28,12000,Ambato,371,300.0,Broker,Expirada
POL-0351,ASEG-0096,Vehiculos,2024-03-06,2025-03-06,12000,Esmeraldas,332,300.0,Agente,Expirada
POL-0352,ASEG-0026,Vehiculos,2024-12-03,2025-12-03,28000,Portoviejo,737,700.0,Agente,Expirada
POL-0353,ASEG-0012,Vehiculos,2024-10-23,2025-10-23,20000,Quito,459,500.0,Digital,Expirada
POL-0354,ASEG-0065,Vehiculos,2024-07-06,2025-07-06,30000,Portoviejo,618,750.0,Digital,Expirada
POL-0355,ASEG-0064,Hogar,2024-10-12,2025-10-12,40000,Guayaquil,743,800.0,Broker,Expirada
POL-0356,ASEG-0087,Hogar,2024-01-07,2025-01-06,40000,Ambato,995,800.0,Digital,Expirada
POL-0357,ASEG-0044,Vehiculos,2024-07-25,2025-07-25,10000,Loja,213,250.0,Bancaseguros,Expirada
POL-0358,ASEG-0063,Vehiculos,2024-03-16,2025-03-16,25000,Ibarra,488,625.0,Broker,Expirada
POL-0359,ASEG-0098,Vehiculos,2025-01-27,2026-01-27,25000,Ambato,727,625.0,Bancaseguros,Expirada
POL-0360,ASEG-0058,Vehiculos,2024-08-14,2025-08-14,25000,Loja,463,625.0,Broker,Expirada
POL-0361,ASEG-0072,Vehiculos,2024-01-29,2025-01-28,22000,Cuenca,477,550.0,Broker,Expirada
POL-0362,ASEG-0098,Vehiculos,2024-07-13,2025-07-13,10000,Ambato,240,250.0,Broker,Expirada
POL-0363,ASEG-0069,Salud,2024-08-23,2025-08-23,80000,Ibarra,2407,1200.0,Agente,Expirada
POL-0364,ASEG-0089,Vehiculos,2024-06-21,2025-06-21,25000,Riobamba,626,625.0,Broker,Expirada
POL-0365,ASEG-0039,Salud,2024-04-25,2025-04-25,60000,Ambato,1704,900.0,Agente,Expirada
POL-0366,ASEG-0085,Salud,2024-04-12,2025-04-12,50000,Loja,1182,750.0,Broker,Expirada
POL-0367,ASEG-0082,Vehiculos,2025-01-28,2026-01-28,22000,Manta,684,550.0,Bancaseguros,Expirada
POL-0368,ASEG-0082,Vehiculos,2024-05-16,2025-05-16,18000,Manta,487,450.0,Agente,Expirada
POL-0369,ASEG-0055,Vehiculos,2024-04-13,2025-04-13,12000,Ambato,262,300.0,Bancaseguros,Expirada
POL-0370,ASEG-0009,Vehiculos,2024-12-09,2025-12-09,10000,Ibarra,236,250.0,Digital,Expirada
POL-0371,ASEG-0099,Vehiculos,2024-10-26,2025-10-26,22000,Manta,644,550.0,Agente,Expirada
POL-0372,ASEG-0041,Vehiculos,2024-08-31,2025-08-31,15000,Cuenca,472,375.0,Agente,Expirada
POL-0373,ASEG-0033,Hogar,2024-06-07,2025-06-07,40000,Riobamba,1257,800.0,Agente,Expirada
POL-0374,ASEG-0039,Hogar,2024-08-12,2025-08-12,40000,Ambato,898,800.0,Bancaseguros,Expirada
POL-0375,ASEG-0078,Hogar,2024-08-20,2025-08-20,40000,Cuenca,735,800.0,Broker,Expirada
POL-0376,ASEG-0021,Vehiculos,2024-12-31,2025-12-31,12000,Manta,358,300.0,Agente,Expirada
POL-0377,ASEG-0024,Vehiculos,2024-10-19,2025-10-19,15000,Ambato,274,375.0,Broker,Expirada
POL-0378,ASEG-0073,Vehiculos,2025-01-02,2026-01-02,28000,Quito,675,700.0,Digital,Expirada
POL-0379,ASEG-0054,Vehiculos,2024-03-15,2025-03-15,8000,Ambato,177,200.0,Broker,Expirada
POL-0380,ASEG-0092,Vehiculos,2025-01-11,2026-01-11,30000,Ambato,648,750.0,Agente,Expirada
POL-0381,ASEG-0039,Vehiculos,2024-03-08,2025-03-08,28000,Ambato,520,700.0,Broker,Expirada
POL-0382,ASEG-0037,Salud,2025-01-24,2026-01-24,40000,Loja,1010,600.0,Agente,Expirada
POL-0383,ASEG-0030,Vehiculos,2024-08-28,2025-08-28,18000,Guayaquil,365,450.0,Agente,Expirada
POL-0384,ASEG-0045,Vehiculos,2024-05-25,2025-05-25,12000,Loja,356,300.0,Bancaseguros,Expirada
POL-0385,ASEG-0099,Vehiculos,2024-06-17,2025-06-17,8000,Manta,176,200.0,Broker,Expirada
POL-0386,ASEG-0077,Hogar,2024-01-23,2025-01-22,40000,Portoviejo,1069,800.0,Broker,Expirada
POL-0387,ASEG-0052,Salud,2024-05-02,2025-05-02,50000,Guayaquil,962,750.0,Bancaseguros,Expirada
POL-0388,ASEG-0046,Vehiculos,2024-07-07,2025-07-07,28000,Loja,582,700.0,Broker,Expirada
POL-0389,ASEG-0060,Hogar,2024-09-10,2025-09-10,35000,Manta,938,700.0,Digital,Expirada
POL-0390,ASEG-0038,Salud,2024-10-09,2025-10-09,20000,Quito,617,300.0,Bancaseguros,Expirada
POL-0391,ASEG-0051,Vehiculos,2024-08-01,2025-08-01,18000,Manta,403,450.0,Bancaseguros,Expirada
POL-0392,ASEG-0051,Salud,2024-03-28,2025-03-28,80000,Manta,1974,1200.0,Digital,Expirada
POL-0393,ASEG-0025,Vehiculos,2024-12-22,2025-12-22,15000,Loja,450,375.0,Bancaseguros,Expirada
POL-0394,ASEG-0061,Hogar,2024-02-29,2025-02-28,20000,Loja,613,400.0,Agente,Expirada
POL-0395,ASEG-0005,Salud,2024-09-05,2025-09-05,60000,Guayaquil,1576,900.0,Digital,Expirada
POL-0396,ASEG-0064,Salud,2024-08-17,2025-08-17,80000,Guayaquil,1929,1200.0,Agente,Expirada
POL-0397,ASEG-0087,Vehiculos,2024-08-29,2025-08-29,12000,Ambato,320,300.0,Broker,Expirada
POL-0398,ASEG-0072,Vehiculos,2024-07-02,2025-07-02,18000,Cuenca,414,450.0,Agente,Expirada
POL-0399,ASEG-0099,Hogar,2024-05-16,2025-05-16,20000,Manta,599,400.0,Agente,Expirada
POL-0400,ASEG-0081,Vehiculos,2024-07-04,2025-07-04,12000,Portoviejo,338,300.0,Broker,Expirada
POL-0401,ASEG-0061,Vehiculos,2024-09-15,2025-09-15,12000,Loja,230,300.0,Broker,Expirada
POL-0402,ASEG-0004,Vehiculos,2025-01-29,2026-01-29,8000,Ibarra,224,200.0,Agente,Expirada
POL-0403,ASEG-0081,Vehiculos,2024-05-31,2025-05-31,22000,Portoviejo,520,550.0,Bancaseguros,Expirada
POL-0404,ASEG-0070,Salud,2024-11-29,2025-11-29,50000,Esmeraldas,1388,750.0,Bancaseguros,Expirada
POL-0405,ASEG-0003,Vehiculos,2024-10-30,2025-10-30,18000,Riobamba,385,450.0,Bancaseguros,Expirada
POL-0406,ASEG-0059,Vehiculos,2025-01-16,2026-01-16,30000,Ibarra,778,750.0,Digital,Expirada
POL-0407,ASEG-0059,Vehiculos,2024-12-30,2025-12-30,22000,Ibarra,651,550.0,Digital,Expirada
POL-0408,ASEG-0082,Vehiculos,2024-12-18,2025-12-18,25000,Manta,706,625.0,Broker,Expirada
POL-0409,ASEG-0061,Vehiculos,2024-10-13,2025-10-13,20000,Loja,618,500.0,Bancaseguros,Expirada
POL-0410,ASEG-0019,Vehiculos,2024-08-03,2025-08-03,8000,Riobamba,249,200.0,Broker,Expirada
POL-0411,ASEG-0073,Vehiculos,2025-02-04,2026-02-04,22000,Quito,542,550.0,Digital,Expirada
POL-0412,ASEG-0050,Vehiculos,2024-06-22,2025-06-22,28000,Loja,522,700.0,Agente,Expirada
POL-0413,ASEG-0083,Vehiculos,2024-04-08,2025-04-08,30000,Riobamba,768,750.0,Bancaseguros,Expirada
POL-0414,ASEG-0091,Salud,2024-02-13,2025-02-12,60000,Manta,1590,900.0,Broker,Expirada
POL-0415,ASEG-0013,Salud,2024-05-26,2025-05-26,30000,Ibarra,617,450.0,Broker,Expirada
POL-0416,ASEG-0041,Vehiculos,2024-06-14,2025-06-14,18000,Cuenca,419,450.0,Bancaseguros,Expirada
POL-0417,ASEG-0071,Salud,2024-09-04,2025-09-04,20000,Esmeraldas,474,300.0,Agente,Expirada
POL-0418,ASEG-0011,Salud,2025-02-04,2026-02-04,30000,Guayaquil,697,450.0,Broker,Expirada
POL-0419,ASEG-0035,Vehiculos,2024-12-14,2025-12-14,22000,Loja,704,550.0,Bancaseguros,Expirada
POL-0420,ASEG-0088,Hogar,2025-01-20,2026-01-20,40000,Esmeraldas,974,800.0,Broker,Expirada
POL-0421,ASEG-0002,Vehiculos,2024-07-30,2025-07-30,28000,Cuenca,855,700.0,Agente,Expirada
POL-0422,ASEG-0050,Vehiculos,2024-03-04,2025-03-04,25000,Loja,580,625.0,Bancaseguros,Expirada
POL-0423,ASEG-0064,Vehiculos,2024-04-17,2025-04-17,8000,Guayaquil,166,200.0,Bancaseguros,Expirada
POL-0424,ASEG-0096,Vehiculos,2024-05-12,2025-05-12,30000,Esmeraldas,899,750.0,Digital,Expirada
POL-0425,ASEG-0016,Hogar,2024-09-10,2025-09-10,25000,Manta,631,500.0,Bancaseguros,Expirada
POL-0426,ASEG-0089,Vehiculos,2024-05-07,2025-05-07,15000,Riobamba,305,375.0,Bancaseguros,Expirada
POL-0427,ASEG-0031,Vehiculos,2024-06-19,2025-06-19,28000,Ambato,815,700.0,Broker,Expirada
POL-0428,ASEG-0039,Vehiculos,2024-02-03,2025-02-02,10000,Ambato,275,250.0,Agente,Expirada
POL-0429,ASEG-0044,Vehiculos,2024-08-20,2025-08-20,28000,Loja,633,700.0,Digital,Expirada
POL-0430,ASEG-0093,Vehiculos,2024-04-05,2025-04-05,15000,Ambato,299,375.0,Bancaseguros,Expirada
POL-0431,ASEG-0038,Hogar,2024-09-22,2025-09-22,35000,Quito,952,700.0,Broker,Expirada
POL-0432,ASEG-0089,Vehiculos,2024-11-03,2025-11-03,20000,Riobamba,599,500.0,Digital,Expirada
POL-0433,ASEG-0089,Vehiculos,2024-11-15,2025-11-15,15000,Riobamba,320,375.0,Agente,Expirada
POL-0434,ASEG-0019,Vehiculos,2024-04-09,2025-04-09,30000,Riobamba,923,750.0,Agente,Expirada
POL-0435,ASEG-0023,Vehiculos,2024-01-11,2025-01-10,12000,Ambato,280,300.0,Agente,Expirada
POL-0436,ASEG-0019,Vehiculos,2024-04-08,2025-04-08,28000,Riobamba,652,700.0,Digital,Expirada
POL-0437,ASEG-0081,Vehiculos,2024-09-17,2025-09-17,30000,Portoviejo,912,750.0,Digital,Expirada
POL-0438,ASEG-0042,Vehiculos,2024-09-26,2025-09-26,25000,Ibarra,700,625.0,Agente,Expirada
POL-0439,ASEG-0049,Hogar,2024-07-10,2025-07-10,25000,Loja,643,500.0,Broker,Expirada
POL-0440,ASEG-0053,Vehiculos,2024-06-11,2025-06-11,18000,Ambato,420,450.0,Digital,Expirada
POL-0441,ASEG-0010,Hogar,2024-10-06,2025-10-06,20000,Quito,453,400.0,Broker,Expirada
POL-0442,ASEG-0099,Vehiculos,2024-06-26,2025-06-26,22000,Manta,687,550.0,Agente,Expirada
POL-0443,ASEG-0011,Vehiculos,2024-08-07,2025-08-07,22000,Guayaquil,461,550.0,Agente,Expirada
POL-0444,ASEG-0055,Vehiculos,2025-01-25,2026-01-25,28000,Ambato,621,700.0,Broker,Expirada
POL-0445,ASEG-0009,Hogar,2024-04-06,2025-04-06,30000,Ibarra,586,600.0,Agente,Expirada
POL-0446,ASEG-0009,Vehiculos,2024-04-15,2025-04-15,15000,Ibarra,331,375.0,Digital,Expirada
POL-0447,ASEG-0062,Vehiculos,2024-07-18,2025-07-18,15000,Manta,297,375.0,Broker,Expirada
POL-0448,ASEG-0019,Vehiculos,2024-07-23,2025-07-23,30000,Riobamba,879,750.0,Broker,Expirada
POL-0449,ASEG-0054,Salud,2024-11-12,2025-11-12,80000,Ambato,1924,1200.0,Agente,Expirada
POL-0450,ASEG-0086,Salud,2024-09-09,2025-09-09,50000,Portoviejo,1595,750.0,Broker,Expirada
POL-0451,ASEG-0004,Vehiculos,2024-07-14,2025-07-14,20000,Ibarra,569,500.0,Digital,Expirada
POL-0452,ASEG-0061,Hogar,2024-03-28,2025-03-28,50000,Loja,913,1000.0,Agente,Expirada
POL-0453,ASEG-0057,Vehiculos,2024-11-21,2025-11-21,28000,Riobamba,755,700.0,Agente,Expirada
POL-0454,ASEG-0012,Vehiculos,2024-01-15,2025-01-14,8000,Quito,182,200.0,Bancaseguros,Expirada
POL-0455,ASEG-0055,Salud,2024-04-19,2025-04-19,20000,Ambato,460,300.0,Agente,Expirada
POL-0456,ASEG-0028,Vehiculos,2025-01-27,2026-01-27,30000,Loja,750,750.0,Agente,Expirada
POL-0457,ASEG-0043,Salud,2024-10-26,2025-10-26,50000,Riobamba,1168,750.0,Digital,Expirada
POL-0458,ASEG-0008,Hogar,2024-09-12,2025-09-12,25000,Cuenca,521,500.0,Agente,Expirada
POL-0459,ASEG-0067,Vehiculos,2025-01-19,2026-01-19,8000,Riobamba,170,200.0,Digital,Expirada
POL-0460,ASEG-0024,Hogar,2024-02-03,2025-02-02,50000,Ambato,1244,1000.0,Agente,Expirada
POL-0461,ASEG-0022,Hogar,2024-08-05,2025-08-05,20000,Ambato,530,400.0,Digital,Expirada
POL-0462,ASEG-0057,Vehiculos,2024-11-08,2025-11-08,22000,Riobamba,630,550.0,Digital,Expirada
POL-0463,ASEG-0072,Salud,2024-02-06,2025-02-05,40000,Cuenca,797,600.0,Bancaseguros,Expirada
POL-0464,ASEG-0063,Hogar,2024-02-06,2025-02-05,30000,Ibarra,912,600.0,Broker,Expirada
POL-0465,ASEG-0084,Vehiculos,2025-01-11,2026-01-11,15000,Riobamba,321,375.0,Digital,Expirada
POL-0466,ASEG-0002,Vehiculos,2024-11-25,2025-11-25,22000,Cuenca,518,550.0,Bancaseguros,Expirada
POL-0467,ASEG-0097,Vehiculos,2024-02-25,2025-02-24,30000,Loja,866,750.0,Digital,Expirada
POL-0468,ASEG-0100,Vehiculos,2024-09-25,2025-09-25,22000,Cuenca,598,550.0,Broker,Expirada
POL-0469,ASEG-0026,Vehiculos,2025-01-23,2026-01-23,15000,Portoviejo,324,375.0,Agente,Expirada
POL-0470,ASEG-0002,Salud,2025-01-19,2026-01-19,20000,Cuenca,546,300.0,Digital,Expirada
POL-0471,ASEG-0044,Hogar,2024-06-10,2025-06-10,50000,Loja,1068,1000.0,Bancaseguros,Expirada
POL-0472,ASEG-0004,Vehiculos,2024-09-28,2025-09-28,18000,Ibarra,564,450.0,Agente,Expirada
POL-0473,ASEG-0095,Hogar,2024-04-29,2025-04-29,35000,Ibarra,867,700.0,Broker,Expirada
POL-0474,ASEG-0092,Vehiculos,2024-10-19,2025-10-19,28000,Ambato,516,700.0,Agente,Expirada
POL-0475,ASEG-0032,Vehiculos,2025-01-20,2026-01-20,10000,Riobamba,195,250.0,Bancaseguros,Expirada
POL-0476,ASEG-0012,Vehiculos,2024-04-24,2025-04-24,30000,Quito,862,750.0,Bancaseguros,Expirada
POL-0477,ASEG-0012,Vehiculos,2024-04-06,2025-04-06,10000,Quito,260,250.0,Agente,Expirada
POL-0478,ASEG-0069,Vehiculos,2024-03-15,2025-03-15,18000,Ibarra,535,450.0,Digital,Expirada
POL-0479,ASEG-0036,Vehiculos,2024-09-01,2025-09-01,15000,Esmeraldas,374,375.0,Broker,Expirada
POL-0480,ASEG-0094,Vehiculos,2024-12-03,2025-12-03,12000,Manta,382,300.0,Broker,Expirada
POL-0481,ASEG-0013,Vehiculos,2025-01-20,2026-01-20,30000,Ibarra,904,750.0,Bancaseguros,Expirada
POL-0482,ASEG-0093,Vehiculos,2024-12-13,2025-12-13,12000,Ambato,279,300.0,Agente,Expirada
POL-0483,ASEG-0032,Vehiculos,2024-05-03,2025-05-03,22000,Riobamba,546,550.0,Agente,Expirada
POL-0484,ASEG-0036,Vehiculos,2024-07-07,2025-07-07,8000,Esmeraldas,157,200.0,Broker,Expirada
POL-0485,ASEG-0039,Vehiculos,2024-02-20,2025-02-19,20000,Ambato,378,500.0,Broker,Expirada
POL-0486,ASEG-0097,Vehiculos,2024-04-02,2025-04-02,30000,Loja,832,750.0,Broker,Expirada
POL-0487,ASEG-0047,Vehiculos,2024-08-04,2025-08-04,8000,Cuenca,172,200.0,Broker,Expirada
POL-0488,ASEG-0031,Salud,2024-03-13,2025-03-13,40000,Ambato,1199,600.0,Digital,Expirada
POL-0489,ASEG-0052,Salud,2024-05-10,2025-05-10,80000,Guayaquil,1916,1200.0,Bancaseguros,Expirada
POL-0490,ASEG-0020,Vehiculos,2024-07-13,2025-07-13,8000,Ibarra,252,200.0,Broker,Expirada
POL-0491,ASEG-0029,Vehiculos,2024-02-20,2025-02-19,22000,Manta,698,550.0,Digital,Expirada
POL-0492,ASEG-0071,Hogar,2024-02-20,2025-02-19,15000,Esmeraldas,306,300.0,Digital,Expirada
POL-0493,ASEG-0093,Vehiculos,2024-12-28,2025-12-28,15000,Ambato,412,375.0,Digital,Expirada
POL-0494,ASEG-0012,Vehiculos,2024-02-09,2025-02-08,15000,Quito,468,375.0,Bancaseguros,Expirada
POL-0495,ASEG-0052,Vehiculos,2024-04-07,2025-04-07,8000,Guayaquil,224,200.0,Agente,Expirada
POL-0496,ASEG-0018,Vehiculos,2024-01-27,2025-01-26,22000,Portoviejo,549,550.0,Bancaseguros,Expirada
POL-0497,ASEG-0095,Hogar,2024-04-21,2025-04-21,25000,Ibarra,775,500.0,Broker,Expirada
POL-0498,ASEG-0046,Vehiculos,2024-08-08,2025-08-08,25000,Loja,519,625.0,Broker,Expirada
POL-0499,ASEG-0069,Vehiculos,2024-08-12,2025-08-12,25000,Ibarra,507,625.0,Agente,Expirada
POL-0500,ASEG-0086,Vehiculos,2024-12-06,2025-12-06,18000,Portoviejo,354,450.0,Broker,Expirada
